work_id,unlocated_english_paragraphs,reader_url,reason
pg-1891,2755,https://thefaithreceived.vercel.app/read?w=pg-1891,Existing source anchors do not establish a unique opening; preserve text and do not guess.
pg-2123,1363,https://thefaithreceived.vercel.app/read?w=pg-2123,Existing source anchors do not establish a unique opening; preserve text and do not guess.
pg-2201,979,https://thefaithreceived.vercel.app/read?w=pg-2201,Existing source anchors do not establish a unique opening; preserve text and do not guess.
pg-3773,959,https://thefaithreceived.vercel.app/read?w=pg-3773,Existing source anchors do not establish a unique opening; preserve text and do not guess.
pg-2175,957,https://thefaithreceived.vercel.app/read?w=pg-2175,Existing source anchors do not establish a unique opening; preserve text and do not guess.
pg-2853,843,https://thefaithreceived.vercel.app/read?w=pg-2853,Existing source anchors do not establish a unique opening; preserve text and do not guess.
pg-2651,748,https://thefaithreceived.vercel.app/read?w=pg-2651,Existing source anchors do not establish a unique opening; preserve text and do not guess.
pg-2547,701,https://thefaithreceived.vercel.app/read?w=pg-2547,Existing source anchors do not establish a unique opening; preserve text and do not guess.
pg-480,699,https://thefaithreceived.vercel.app/read?w=pg-480,Existing source anchors do not establish a unique opening; preserve text and do not guess.
pg-624,604,https://thefaithreceived.vercel.app/read?w=pg-624,Existing source anchors do not establish a unique opening; preserve text and do not guess.
pg-2139,603,https://thefaithreceived.vercel.app/read?w=pg-2139,Existing source anchors do not establish a unique opening; preserve text and do not guess.
pg-292,599,https://thefaithreceived.vercel.app/read?w=pg-292,Existing source anchors do not establish a unique opening; preserve text and do not guess.
pg-2428,577,https://thefaithreceived.vercel.app/read?w=pg-2428,Existing source anchors do not establish a unique opening; preserve text and do not guess.
pg-54,576,https://thefaithreceived.vercel.app/read?w=pg-54,Existing source anchors do not establish a unique opening; preserve text and do not guess.
pg-1844,567,https://thefaithreceived.vercel.app/read?w=pg-1844,Existing source anchors do not establish a unique opening; preserve text and do not guess.
pg-2133,544,https://thefaithreceived.vercel.app/read?w=pg-2133,Existing source anchors do not establish a unique opening; preserve text and do not guess.
pg-1733,543,https://thefaithreceived.vercel.app/read?w=pg-1733,Existing source anchors do not establish a unique opening; preserve text and do not guess.
pg-489,524,https://thefaithreceived.vercel.app/read?w=pg-489,Existing source anchors do not establish a unique opening; preserve text and do not guess.
pg-3663,519,https://thefaithreceived.vercel.app/read?w=pg-3663,Existing source anchors do not establish a unique opening; preserve text and do not guess.
pg-3214,504,https://thefaithreceived.vercel.app/read?w=pg-3214,Existing source anchors do not establish a unique opening; preserve text and do not guess.
pg-11,488,https://thefaithreceived.vercel.app/read?w=pg-11,Existing source anchors do not establish a unique opening; preserve text and do not guess.
pg-198,488,https://thefaithreceived.vercel.app/read?w=pg-198,Existing source anchors do not establish a unique opening; preserve text and do not guess.
pg-2500,481,https://thefaithreceived.vercel.app/read?w=pg-2500,Existing source anchors do not establish a unique opening; preserve text and do not guess.
pg-2582,472,https://thefaithreceived.vercel.app/read?w=pg-2582,Existing source anchors do not establish a unique opening; preserve text and do not guess.
pg-2652,453,https://thefaithreceived.vercel.app/read?w=pg-2652,Existing source anchors do not establish a unique opening; preserve text and do not guess.
pg-517,451,https://thefaithreceived.vercel.app/read?w=pg-517,Existing source anchors do not establish a unique opening; preserve text and do not guess.
pg-2503,445,https://thefaithreceived.vercel.app/read?w=pg-2503,Existing source anchors do not establish a unique opening; preserve text and do not guess.
pg-445,419,https://thefaithreceived.vercel.app/read?w=pg-445,Existing source anchors do not establish a unique opening; preserve text and do not guess.
pg-2434,414,https://thefaithreceived.vercel.app/read?w=pg-2434,Existing source anchors do not establish a unique opening; preserve text and do not guess.
pg-2120,408,https://thefaithreceived.vercel.app/read?w=pg-2120,Existing source anchors do not establish a unique opening; preserve text and do not guess.
pg-2118,406,https://thefaithreceived.vercel.app/read?w=pg-2118,Existing source anchors do not establish a unique opening; preserve text and do not guess.
pg-603,406,https://thefaithreceived.vercel.app/read?w=pg-603,Existing source anchors do not establish a unique opening; preserve text and do not guess.
pg-2557,397,https://thefaithreceived.vercel.app/read?w=pg-2557,Existing source anchors do not establish a unique opening; preserve text and do not guess.
pg-1845,396,https://thefaithreceived.vercel.app/read?w=pg-1845,Existing source anchors do not establish a unique opening; preserve text and do not guess.
pg-2164,393,https://thefaithreceived.vercel.app/read?w=pg-2164,Existing source anchors do not establish a unique opening; preserve text and do not guess.
pg-1668,382,https://thefaithreceived.vercel.app/read?w=pg-1668,Existing source anchors do not establish a unique opening; preserve text and do not guess.
pg-4053,350,https://thefaithreceived.vercel.app/read?w=pg-4053,Existing source anchors do not establish a unique opening; preserve text and do not guess.
pg-2491,347,https://thefaithreceived.vercel.app/read?w=pg-2491,Existing source anchors do not establish a unique opening; preserve text and do not guess.
pg-3455,346,https://thefaithreceived.vercel.app/read?w=pg-3455,Existing source anchors do not establish a unique opening; preserve text and do not guess.
pg-1969,344,https://thefaithreceived.vercel.app/read?w=pg-1969,Existing source anchors do not establish a unique opening; preserve text and do not guess.
pg-2752,339,https://thefaithreceived.vercel.app/read?w=pg-2752,Existing source anchors do not establish a unique opening; preserve text and do not guess.
pg-133,320,https://thefaithreceived.vercel.app/read?w=pg-133,Existing source anchors do not establish a unique opening; preserve text and do not guess.
pg-2074,313,https://thefaithreceived.vercel.app/read?w=pg-2074,Existing source anchors do not establish a unique opening; preserve text and do not guess.
pg-2734,312,https://thefaithreceived.vercel.app/read?w=pg-2734,Existing source anchors do not establish a unique opening; preserve text and do not guess.
pg-2181,308,https://thefaithreceived.vercel.app/read?w=pg-2181,Existing source anchors do not establish a unique opening; preserve text and do not guess.
pg-2648,305,https://thefaithreceived.vercel.app/read?w=pg-2648,Existing source anchors do not establish a unique opening; preserve text and do not guess.
pg-16,302,https://thefaithreceived.vercel.app/read?w=pg-16,Existing source anchors do not establish a unique opening; preserve text and do not guess.
pg-295,301,https://thefaithreceived.vercel.app/read?w=pg-295,Existing source anchors do not establish a unique opening; preserve text and do not guess.
pg-250,299,https://thefaithreceived.vercel.app/read?w=pg-250,Existing source anchors do not establish a unique opening; preserve text and do not guess.
pg-2035,298,https://thefaithreceived.vercel.app/read?w=pg-2035,Existing source anchors do not establish a unique opening; preserve text and do not guess.
pg-61,297,https://thefaithreceived.vercel.app/read?w=pg-61,Existing source anchors do not establish a unique opening; preserve text and do not guess.
pg-272,296,https://thefaithreceived.vercel.app/read?w=pg-272,Existing source anchors do not establish a unique opening; preserve text and do not guess.
pg-2858,295,https://thefaithreceived.vercel.app/read?w=pg-2858,Existing source anchors do not establish a unique opening; preserve text and do not guess.
pg-2618,292,https://thefaithreceived.vercel.app/read?w=pg-2618,Existing source anchors do not establish a unique opening; preserve text and do not guess.
pg-2577,289,https://thefaithreceived.vercel.app/read?w=pg-2577,Existing source anchors do not establish a unique opening; preserve text and do not guess.
pg-2857,285,https://thefaithreceived.vercel.app/read?w=pg-2857,Existing source anchors do not establish a unique opening; preserve text and do not guess.
pg-28,283,https://thefaithreceived.vercel.app/read?w=pg-28,Existing source anchors do not establish a unique opening; preserve text and do not guess.
pg-35,271,https://thefaithreceived.vercel.app/read?w=pg-35,Existing source anchors do not establish a unique opening; preserve text and do not guess.
pg-2267,265,https://thefaithreceived.vercel.app/read?w=pg-2267,Existing source anchors do not establish a unique opening; preserve text and do not guess.
pg-1634,264,https://thefaithreceived.vercel.app/read?w=pg-1634,Existing source anchors do not establish a unique opening; preserve text and do not guess.
pg-307,262,https://thefaithreceived.vercel.app/read?w=pg-307,Existing source anchors do not establish a unique opening; preserve text and do not guess.
pg-2724,261,https://thefaithreceived.vercel.app/read?w=pg-2724,Existing source anchors do not establish a unique opening; preserve text and do not guess.
pg-156,252,https://thefaithreceived.vercel.app/read?w=pg-156,Existing source anchors do not establish a unique opening; preserve text and do not guess.
pg-130,250,https://thefaithreceived.vercel.app/read?w=pg-130,Existing source anchors do not establish a unique opening; preserve text and do not guess.
pg-2589,247,https://thefaithreceived.vercel.app/read?w=pg-2589,Existing source anchors do not establish a unique opening; preserve text and do not guess.
pg-3665,244,https://thefaithreceived.vercel.app/read?w=pg-3665,Existing source anchors do not establish a unique opening; preserve text and do not guess.
pg-518,244,https://thefaithreceived.vercel.app/read?w=pg-518,Existing source anchors do not establish a unique opening; preserve text and do not guess.
pg-1867,243,https://thefaithreceived.vercel.app/read?w=pg-1867,Existing source anchors do not establish a unique opening; preserve text and do not guess.
pg-567,242,https://thefaithreceived.vercel.app/read?w=pg-567,Existing source anchors do not establish a unique opening; preserve text and do not guess.
pg-1972,241,https://thefaithreceived.vercel.app/read?w=pg-1972,Existing source anchors do not establish a unique opening; preserve text and do not guess.
pg-2009,236,https://thefaithreceived.vercel.app/read?w=pg-2009,Existing source anchors do not establish a unique opening; preserve text and do not guess.
pg-2161,234,https://thefaithreceived.vercel.app/read?w=pg-2161,Existing source anchors do not establish a unique opening; preserve text and do not guess.
pg-479,233,https://thefaithreceived.vercel.app/read?w=pg-479,Existing source anchors do not establish a unique opening; preserve text and do not guess.
pg-3759,224,https://thefaithreceived.vercel.app/read?w=pg-3759,Existing source anchors do not establish a unique opening; preserve text and do not guess.
pg-104,215,https://thefaithreceived.vercel.app/read?w=pg-104,Existing source anchors do not establish a unique opening; preserve text and do not guess.
pg-475,215,https://thefaithreceived.vercel.app/read?w=pg-475,Existing source anchors do not establish a unique opening; preserve text and do not guess.
pg-398,214,https://thefaithreceived.vercel.app/read?w=pg-398,Existing source anchors do not establish a unique opening; preserve text and do not guess.
pg-649,214,https://thefaithreceived.vercel.app/read?w=pg-649,Existing source anchors do not establish a unique opening; preserve text and do not guess.
pg-3822,212,https://thefaithreceived.vercel.app/read?w=pg-3822,Existing source anchors do not establish a unique opening; preserve text and do not guess.
pg-124,209,https://thefaithreceived.vercel.app/read?w=pg-124,Existing source anchors do not establish a unique opening; preserve text and do not guess.
pg-419,208,https://thefaithreceived.vercel.app/read?w=pg-419,Existing source anchors do not establish a unique opening; preserve text and do not guess.
pg-3666,207,https://thefaithreceived.vercel.app/read?w=pg-3666,Existing source anchors do not establish a unique opening; preserve text and do not guess.
pg-4,206,https://thefaithreceived.vercel.app/read?w=pg-4,Existing source anchors do not establish a unique opening; preserve text and do not guess.
pg-2189,201,https://thefaithreceived.vercel.app/read?w=pg-2189,Existing source anchors do not establish a unique opening; preserve text and do not guess.
pg-2843,200,https://thefaithreceived.vercel.app/read?w=pg-2843,Existing source anchors do not establish a unique opening; preserve text and do not guess.
pg-1970,199,https://thefaithreceived.vercel.app/read?w=pg-1970,Existing source anchors do not establish a unique opening; preserve text and do not guess.
pg-3854,199,https://thefaithreceived.vercel.app/read?w=pg-3854,Existing source anchors do not establish a unique opening; preserve text and do not guess.
pg-1556,198,https://thefaithreceived.vercel.app/read?w=pg-1556,Existing source anchors do not establish a unique opening; preserve text and do not guess.
pg-566,198,https://thefaithreceived.vercel.app/read?w=pg-566,Existing source anchors do not establish a unique opening; preserve text and do not guess.
pg-3860,196,https://thefaithreceived.vercel.app/read?w=pg-3860,Existing source anchors do not establish a unique opening; preserve text and do not guess.
pg-2475,192,https://thefaithreceived.vercel.app/read?w=pg-2475,Existing source anchors do not establish a unique opening; preserve text and do not guess.
pg-4013,190,https://thefaithreceived.vercel.app/read?w=pg-4013,Existing source anchors do not establish a unique opening; preserve text and do not guess.
pg-1734,189,https://thefaithreceived.vercel.app/read?w=pg-1734,Existing source anchors do not establish a unique opening; preserve text and do not guess.
pg-466,189,https://thefaithreceived.vercel.app/read?w=pg-466,Existing source anchors do not establish a unique opening; preserve text and do not guess.
pg-2566,183,https://thefaithreceived.vercel.app/read?w=pg-2566,Existing source anchors do not establish a unique opening; preserve text and do not guess.
pg-1675,178,https://thefaithreceived.vercel.app/read?w=pg-1675,Existing source anchors do not establish a unique opening; preserve text and do not guess.
pg-2466,178,https://thefaithreceived.vercel.app/read?w=pg-2466,Existing source anchors do not establish a unique opening; preserve text and do not guess.
pg-2185,177,https://thefaithreceived.vercel.app/read?w=pg-2185,Existing source anchors do not establish a unique opening; preserve text and do not guess.
pg-121,176,https://thefaithreceived.vercel.app/read?w=pg-121,Existing source anchors do not establish a unique opening; preserve text and do not guess.
pg-2130,174,https://thefaithreceived.vercel.app/read?w=pg-2130,Existing source anchors do not establish a unique opening; preserve text and do not guess.
pg-551,174,https://thefaithreceived.vercel.app/read?w=pg-551,Existing source anchors do not establish a unique opening; preserve text and do not guess.
pg-2346,165,https://thefaithreceived.vercel.app/read?w=pg-2346,Existing source anchors do not establish a unique opening; preserve text and do not guess.
pg-1557,163,https://thefaithreceived.vercel.app/read?w=pg-1557,Existing source anchors do not establish a unique opening; preserve text and do not guess.
pg-1954,162,https://thefaithreceived.vercel.app/read?w=pg-1954,Existing source anchors do not establish a unique opening; preserve text and do not guess.
pg-2725,161,https://thefaithreceived.vercel.app/read?w=pg-2725,Existing source anchors do not establish a unique opening; preserve text and do not guess.
pg-22,160,https://thefaithreceived.vercel.app/read?w=pg-22,Existing source anchors do not establish a unique opening; preserve text and do not guess.
pg-3986,159,https://thefaithreceived.vercel.app/read?w=pg-3986,Existing source anchors do not establish a unique opening; preserve text and do not guess.
pg-2269,158,https://thefaithreceived.vercel.app/read?w=pg-2269,Existing source anchors do not establish a unique opening; preserve text and do not guess.
pg-1877,155,https://thefaithreceived.vercel.app/read?w=pg-1877,Existing source anchors do not establish a unique opening; preserve text and do not guess.
pg-1946,155,https://thefaithreceived.vercel.app/read?w=pg-1946,Existing source anchors do not establish a unique opening; preserve text and do not guess.
pg-3518,154,https://thefaithreceived.vercel.app/read?w=pg-3518,Existing source anchors do not establish a unique opening; preserve text and do not guess.
pg-1868,148,https://thefaithreceived.vercel.app/read?w=pg-1868,Existing source anchors do not establish a unique opening; preserve text and do not guess.
pg-120,147,https://thefaithreceived.vercel.app/read?w=pg-120,Existing source anchors do not establish a unique opening; preserve text and do not guess.
pg-644,145,https://thefaithreceived.vercel.app/read?w=pg-644,Existing source anchors do not establish a unique opening; preserve text and do not guess.
pg-642,143,https://thefaithreceived.vercel.app/read?w=pg-642,Existing source anchors do not establish a unique opening; preserve text and do not guess.
pg-1669,142,https://thefaithreceived.vercel.app/read?w=pg-1669,Existing source anchors do not establish a unique opening; preserve text and do not guess.
pg-3599,140,https://thefaithreceived.vercel.app/read?w=pg-3599,Existing source anchors do not establish a unique opening; preserve text and do not guess.
pg-2210,139,https://thefaithreceived.vercel.app/read?w=pg-2210,Existing source anchors do not establish a unique opening; preserve text and do not guess.
pg-2268,139,https://thefaithreceived.vercel.app/read?w=pg-2268,Existing source anchors do not establish a unique opening; preserve text and do not guess.
pg-3781,136,https://thefaithreceived.vercel.app/read?w=pg-3781,Existing source anchors do not establish a unique opening; preserve text and do not guess.
pg-2873,135,https://thefaithreceived.vercel.app/read?w=pg-2873,Existing source anchors do not establish a unique opening; preserve text and do not guess.
pg-2996,134,https://thefaithreceived.vercel.app/read?w=pg-2996,Existing source anchors do not establish a unique opening; preserve text and do not guess.
pg-460,134,https://thefaithreceived.vercel.app/read?w=pg-460,Existing source anchors do not establish a unique opening; preserve text and do not guess.
pg-132,133,https://thefaithreceived.vercel.app/read?w=pg-132,Existing source anchors do not establish a unique opening; preserve text and do not guess.
pg-2025,132,https://thefaithreceived.vercel.app/read?w=pg-2025,Existing source anchors do not establish a unique opening; preserve text and do not guess.
pg-2650,128,https://thefaithreceived.vercel.app/read?w=pg-2650,Existing source anchors do not establish a unique opening; preserve text and do not guess.
pg-322,128,https://thefaithreceived.vercel.app/read?w=pg-322,Existing source anchors do not establish a unique opening; preserve text and do not guess.
pg-463,128,https://thefaithreceived.vercel.app/read?w=pg-463,Existing source anchors do not establish a unique opening; preserve text and do not guess.
pg-1953,126,https://thefaithreceived.vercel.app/read?w=pg-1953,Existing source anchors do not establish a unique opening; preserve text and do not guess.
pg-2713,126,https://thefaithreceived.vercel.app/read?w=pg-2713,Existing source anchors do not establish a unique opening; preserve text and do not guess.
pg-1614,125,https://thefaithreceived.vercel.app/read?w=pg-1614,Existing source anchors do not establish a unique opening; preserve text and do not guess.
pg-2028,125,https://thefaithreceived.vercel.app/read?w=pg-2028,Existing source anchors do not establish a unique opening; preserve text and do not guess.
pg-3881,125,https://thefaithreceived.vercel.app/read?w=pg-3881,Existing source anchors do not establish a unique opening; preserve text and do not guess.
pg-525,122,https://thefaithreceived.vercel.app/read?w=pg-525,Existing source anchors do not establish a unique opening; preserve text and do not guess.
pg-110,120,https://thefaithreceived.vercel.app/read?w=pg-110,Existing source anchors do not establish a unique opening; preserve text and do not guess.
pg-2733,120,https://thefaithreceived.vercel.app/read?w=pg-2733,Existing source anchors do not establish a unique opening; preserve text and do not guess.
pg-426,120,https://thefaithreceived.vercel.app/read?w=pg-426,Existing source anchors do not establish a unique opening; preserve text and do not guess.
pg-1846,119,https://thefaithreceived.vercel.app/read?w=pg-1846,Existing source anchors do not establish a unique opening; preserve text and do not guess.
pg-2981,118,https://thefaithreceived.vercel.app/read?w=pg-2981,Existing source anchors do not establish a unique opening; preserve text and do not guess.
pg-524,118,https://thefaithreceived.vercel.app/read?w=pg-524,Existing source anchors do not establish a unique opening; preserve text and do not guess.
pg-523,116,https://thefaithreceived.vercel.app/read?w=pg-523,Existing source anchors do not establish a unique opening; preserve text and do not guess.
pg-1911,115,https://thefaithreceived.vercel.app/read?w=pg-1911,Existing source anchors do not establish a unique opening; preserve text and do not guess.
pg-2588,115,https://thefaithreceived.vercel.app/read?w=pg-2588,Existing source anchors do not establish a unique opening; preserve text and do not guess.
pg-2071,114,https://thefaithreceived.vercel.app/read?w=pg-2071,Existing source anchors do not establish a unique opening; preserve text and do not guess.
pg-3815,113,https://thefaithreceived.vercel.app/read?w=pg-3815,Existing source anchors do not establish a unique opening; preserve text and do not guess.
pg-428,113,https://thefaithreceived.vercel.app/read?w=pg-428,Existing source anchors do not establish a unique opening; preserve text and do not guess.
pg-527,113,https://thefaithreceived.vercel.app/read?w=pg-527,Existing source anchors do not establish a unique opening; preserve text and do not guess.
pg-2119,111,https://thefaithreceived.vercel.app/read?w=pg-2119,Existing source anchors do not establish a unique opening; preserve text and do not guess.
pg-423,111,https://thefaithreceived.vercel.app/read?w=pg-423,Existing source anchors do not establish a unique opening; preserve text and do not guess.
pg-3902,109,https://thefaithreceived.vercel.app/read?w=pg-3902,Existing source anchors do not establish a unique opening; preserve text and do not guess.
pg-512,108,https://thefaithreceived.vercel.app/read?w=pg-512,Existing source anchors do not establish a unique opening; preserve text and do not guess.
pg-3698,107,https://thefaithreceived.vercel.app/read?w=pg-3698,Existing source anchors do not establish a unique opening; preserve text and do not guess.
pg-3905,106,https://thefaithreceived.vercel.app/read?w=pg-3905,Existing source anchors do not establish a unique opening; preserve text and do not guess.
pg-392,106,https://thefaithreceived.vercel.app/read?w=pg-392,Existing source anchors do not establish a unique opening; preserve text and do not guess.
pg-1739,105,https://thefaithreceived.vercel.app/read?w=pg-1739,Existing source anchors do not establish a unique opening; preserve text and do not guess.
pg-267,105,https://thefaithreceived.vercel.app/read?w=pg-267,Existing source anchors do not establish a unique opening; preserve text and do not guess.
pg-1939,104,https://thefaithreceived.vercel.app/read?w=pg-1939,Existing source anchors do not establish a unique opening; preserve text and do not guess.
pg-10,103,https://thefaithreceived.vercel.app/read?w=pg-10,Existing source anchors do not establish a unique opening; preserve text and do not guess.
pg-1947,103,https://thefaithreceived.vercel.app/read?w=pg-1947,Existing source anchors do not establish a unique opening; preserve text and do not guess.
pg-2842,103,https://thefaithreceived.vercel.app/read?w=pg-2842,Existing source anchors do not establish a unique opening; preserve text and do not guess.
pg-119,102,https://thefaithreceived.vercel.app/read?w=pg-119,Existing source anchors do not establish a unique opening; preserve text and do not guess.
pg-78,102,https://thefaithreceived.vercel.app/read?w=pg-78,Existing source anchors do not establish a unique opening; preserve text and do not guess.
pg-2469,98,https://thefaithreceived.vercel.app/read?w=pg-2469,Existing source anchors do not establish a unique opening; preserve text and do not guess.
pg-2270,97,https://thefaithreceived.vercel.app/read?w=pg-2270,Existing source anchors do not establish a unique opening; preserve text and do not guess.
pg-3811,97,https://thefaithreceived.vercel.app/read?w=pg-3811,Existing source anchors do not establish a unique opening; preserve text and do not guess.
pg-511,97,https://thefaithreceived.vercel.app/read?w=pg-511,Existing source anchors do not establish a unique opening; preserve text and do not guess.
pg-1653,96,https://thefaithreceived.vercel.app/read?w=pg-1653,Existing source anchors do not establish a unique opening; preserve text and do not guess.
pg-2227,96,https://thefaithreceived.vercel.app/read?w=pg-2227,Existing source anchors do not establish a unique opening; preserve text and do not guess.
pg-1982,95,https://thefaithreceived.vercel.app/read?w=pg-1982,Existing source anchors do not establish a unique opening; preserve text and do not guess.
pg-2673,95,https://thefaithreceived.vercel.app/read?w=pg-2673,Existing source anchors do not establish a unique opening; preserve text and do not guess.
pg-154,94,https://thefaithreceived.vercel.app/read?w=pg-154,Existing source anchors do not establish a unique opening; preserve text and do not guess.
pg-128,93,https://thefaithreceived.vercel.app/read?w=pg-128,Existing source anchors do not establish a unique opening; preserve text and do not guess.
pg-1909,93,https://thefaithreceived.vercel.app/read?w=pg-1909,Existing source anchors do not establish a unique opening; preserve text and do not guess.
pg-355,93,https://thefaithreceived.vercel.app/read?w=pg-355,Existing source anchors do not establish a unique opening; preserve text and do not guess.
pg-1797,92,https://thefaithreceived.vercel.app/read?w=pg-1797,Existing source anchors do not establish a unique opening; preserve text and do not guess.
pg-2159,92,https://thefaithreceived.vercel.app/read?w=pg-2159,Existing source anchors do not establish a unique opening; preserve text and do not guess.
pg-2160,92,https://thefaithreceived.vercel.app/read?w=pg-2160,Existing source anchors do not establish a unique opening; preserve text and do not guess.
pg-2507,92,https://thefaithreceived.vercel.app/read?w=pg-2507,Existing source anchors do not establish a unique opening; preserve text and do not guess.
pg-2847,92,https://thefaithreceived.vercel.app/read?w=pg-2847,Existing source anchors do not establish a unique opening; preserve text and do not guess.
pg-658,92,https://thefaithreceived.vercel.app/read?w=pg-658,Existing source anchors do not establish a unique opening; preserve text and do not guess.
pg-155,89,https://thefaithreceived.vercel.app/read?w=pg-155,Existing source anchors do not establish a unique opening; preserve text and do not guess.
pg-539,89,https://thefaithreceived.vercel.app/read?w=pg-539,Existing source anchors do not establish a unique opening; preserve text and do not guess.
pg-82,89,https://thefaithreceived.vercel.app/read?w=pg-82,Existing source anchors do not establish a unique opening; preserve text and do not guess.
pg-581,88,https://thefaithreceived.vercel.app/read?w=pg-581,Existing source anchors do not establish a unique opening; preserve text and do not guess.
pg-171,87,https://thefaithreceived.vercel.app/read?w=pg-171,Existing source anchors do not establish a unique opening; preserve text and do not guess.
pg-2723,87,https://thefaithreceived.vercel.app/read?w=pg-2723,Existing source anchors do not establish a unique opening; preserve text and do not guess.
pg-2966,85,https://thefaithreceived.vercel.app/read?w=pg-2966,Existing source anchors do not establish a unique opening; preserve text and do not guess.
pg-247,84,https://thefaithreceived.vercel.app/read?w=pg-247,Existing source anchors do not establish a unique opening; preserve text and do not guess.
pg-2546,84,https://thefaithreceived.vercel.app/read?w=pg-2546,Existing source anchors do not establish a unique opening; preserve text and do not guess.
pg-308,84,https://thefaithreceived.vercel.app/read?w=pg-308,Existing source anchors do not establish a unique opening; preserve text and do not guess.
pg-3885,84,https://thefaithreceived.vercel.app/read?w=pg-3885,Existing source anchors do not establish a unique opening; preserve text and do not guess.
pg-580,84,https://thefaithreceived.vercel.app/read?w=pg-580,Existing source anchors do not establish a unique opening; preserve text and do not guess.
pg-1651,83,https://thefaithreceived.vercel.app/read?w=pg-1651,Existing source anchors do not establish a unique opening; preserve text and do not guess.
pg-1927,82,https://thefaithreceived.vercel.app/read?w=pg-1927,Existing source anchors do not establish a unique opening; preserve text and do not guess.
pg-2083,82,https://thefaithreceived.vercel.app/read?w=pg-2083,Existing source anchors do not establish a unique opening; preserve text and do not guess.
pg-2149,81,https://thefaithreceived.vercel.app/read?w=pg-2149,Existing source anchors do not establish a unique opening; preserve text and do not guess.
pg-3519,80,https://thefaithreceived.vercel.app/read?w=pg-3519,Existing source anchors do not establish a unique opening; preserve text and do not guess.
pg-1924,79,https://thefaithreceived.vercel.app/read?w=pg-1924,Existing source anchors do not establish a unique opening; preserve text and do not guess.
pg-2240,79,https://thefaithreceived.vercel.app/read?w=pg-2240,Existing source anchors do not establish a unique opening; preserve text and do not guess.
pg-3923,79,https://thefaithreceived.vercel.app/read?w=pg-3923,Existing source anchors do not establish a unique opening; preserve text and do not guess.
pg-1906,78,https://thefaithreceived.vercel.app/read?w=pg-1906,Existing source anchors do not establish a unique opening; preserve text and do not guess.
pg-2777,78,https://thefaithreceived.vercel.app/read?w=pg-2777,Existing source anchors do not establish a unique opening; preserve text and do not guess.
pg-100,77,https://thefaithreceived.vercel.app/read?w=pg-100,Existing source anchors do not establish a unique opening; preserve text and do not guess.
pg-510,77,https://thefaithreceived.vercel.app/read?w=pg-510,Existing source anchors do not establish a unique opening; preserve text and do not guess.
pg-1843,76,https://thefaithreceived.vercel.app/read?w=pg-1843,Existing source anchors do not establish a unique opening; preserve text and do not guess.
pg-3866,76,https://thefaithreceived.vercel.app/read?w=pg-3866,Existing source anchors do not establish a unique opening; preserve text and do not guess.
pg-662,76,https://thefaithreceived.vercel.app/read?w=pg-662,Existing source anchors do not establish a unique opening; preserve text and do not guess.
pg-1238,75,https://thefaithreceived.vercel.app/read?w=pg-1238,Existing source anchors do not establish a unique opening; preserve text and do not guess.
pg-2180,74,https://thefaithreceived.vercel.app/read?w=pg-2180,Existing source anchors do not establish a unique opening; preserve text and do not guess.
pg-66,74,https://thefaithreceived.vercel.app/read?w=pg-66,Existing source anchors do not establish a unique opening; preserve text and do not guess.
pg-270,73,https://thefaithreceived.vercel.app/read?w=pg-270,Existing source anchors do not establish a unique opening; preserve text and do not guess.
pg-455,73,https://thefaithreceived.vercel.app/read?w=pg-455,Existing source anchors do not establish a unique opening; preserve text and do not guess.
pg-3969,72,https://thefaithreceived.vercel.app/read?w=pg-3969,Existing source anchors do not establish a unique opening; preserve text and do not guess.
pg-2871,70,https://thefaithreceived.vercel.app/read?w=pg-2871,Existing source anchors do not establish a unique opening; preserve text and do not guess.
pg-2894,69,https://thefaithreceived.vercel.app/read?w=pg-2894,Existing source anchors do not establish a unique opening; preserve text and do not guess.
pg-1586,67,https://thefaithreceived.vercel.app/read?w=pg-1586,Existing source anchors do not establish a unique opening; preserve text and do not guess.
pg-2375,66,https://thefaithreceived.vercel.app/read?w=pg-2375,Existing source anchors do not establish a unique opening; preserve text and do not guess.
pg-3998,66,https://thefaithreceived.vercel.app/read?w=pg-3998,Existing source anchors do not establish a unique opening; preserve text and do not guess.
pg-514,66,https://thefaithreceived.vercel.app/read?w=pg-514,Existing source anchors do not establish a unique opening; preserve text and do not guess.
pg-641,66,https://thefaithreceived.vercel.app/read?w=pg-641,Existing source anchors do not establish a unique opening; preserve text and do not guess.
pg-1723,65,https://thefaithreceived.vercel.app/read?w=pg-1723,Existing source anchors do not establish a unique opening; preserve text and do not guess.
pg-2436,65,https://thefaithreceived.vercel.app/read?w=pg-2436,Existing source anchors do not establish a unique opening; preserve text and do not guess.
pg-2569,65,https://thefaithreceived.vercel.app/read?w=pg-2569,Existing source anchors do not establish a unique opening; preserve text and do not guess.
pg-4065,65,https://thefaithreceived.vercel.app/read?w=pg-4065,Existing source anchors do not establish a unique opening; preserve text and do not guess.
pg-651,65,https://thefaithreceived.vercel.app/read?w=pg-651,Existing source anchors do not establish a unique opening; preserve text and do not guess.
pg-9,65,https://thefaithreceived.vercel.app/read?w=pg-9,Existing source anchors do not establish a unique opening; preserve text and do not guess.
pg-329,63,https://thefaithreceived.vercel.app/read?w=pg-329,Existing source anchors do not establish a unique opening; preserve text and do not guess.
pg-2470,62,https://thefaithreceived.vercel.app/read?w=pg-2470,Existing source anchors do not establish a unique opening; preserve text and do not guess.
pg-438,62,https://thefaithreceived.vercel.app/read?w=pg-438,Existing source anchors do not establish a unique opening; preserve text and do not guess.
pg-3316,61,https://thefaithreceived.vercel.app/read?w=pg-3316,Existing source anchors do not establish a unique opening; preserve text and do not guess.
pg-4000,61,https://thefaithreceived.vercel.app/read?w=pg-4000,Existing source anchors do not establish a unique opening; preserve text and do not guess.
pg-191,60,https://thefaithreceived.vercel.app/read?w=pg-191,Existing source anchors do not establish a unique opening; preserve text and do not guess.
pg-2040,60,https://thefaithreceived.vercel.app/read?w=pg-2040,Existing source anchors do not establish a unique opening; preserve text and do not guess.
pg-2441,60,https://thefaithreceived.vercel.app/read?w=pg-2441,Existing source anchors do not establish a unique opening; preserve text and do not guess.
pg-695,60,https://thefaithreceived.vercel.app/read?w=pg-695,Existing source anchors do not establish a unique opening; preserve text and do not guess.
pg-339,59,https://thefaithreceived.vercel.app/read?w=pg-339,Existing source anchors do not establish a unique opening; preserve text and do not guess.
pg-462,59,https://thefaithreceived.vercel.app/read?w=pg-462,Existing source anchors do not establish a unique opening; preserve text and do not guess.
pg-1884,58,https://thefaithreceived.vercel.app/read?w=pg-1884,Existing source anchors do not establish a unique opening; preserve text and do not guess.
pg-2145,58,https://thefaithreceived.vercel.app/read?w=pg-2145,Existing source anchors do not establish a unique opening; preserve text and do not guess.
pg-3964,58,https://thefaithreceived.vercel.app/read?w=pg-3964,Existing source anchors do not establish a unique opening; preserve text and do not guess.
pg-25,57,https://thefaithreceived.vercel.app/read?w=pg-25,Existing source anchors do not establish a unique opening; preserve text and do not guess.
pg-3520,57,https://thefaithreceived.vercel.app/read?w=pg-3520,Existing source anchors do not establish a unique opening; preserve text and do not guess.
pg-139,56,https://thefaithreceived.vercel.app/read?w=pg-139,Existing source anchors do not establish a unique opening; preserve text and do not guess.
pg-2183,56,https://thefaithreceived.vercel.app/read?w=pg-2183,Existing source anchors do not establish a unique opening; preserve text and do not guess.
pg-416,56,https://thefaithreceived.vercel.app/read?w=pg-416,Existing source anchors do not establish a unique opening; preserve text and do not guess.
pg-1253,55,https://thefaithreceived.vercel.app/read?w=pg-1253,Existing source anchors do not establish a unique opening; preserve text and do not guess.
pg-2839,55,https://thefaithreceived.vercel.app/read?w=pg-2839,Existing source anchors do not establish a unique opening; preserve text and do not guess.
pg-3771,55,https://thefaithreceived.vercel.app/read?w=pg-3771,Existing source anchors do not establish a unique opening; preserve text and do not guess.
pg-3426,54,https://thefaithreceived.vercel.app/read?w=pg-3426,Existing source anchors do not establish a unique opening; preserve text and do not guess.
pg-3798,54,https://thefaithreceived.vercel.app/read?w=pg-3798,Existing source anchors do not establish a unique opening; preserve text and do not guess.
pg-216,52,https://thefaithreceived.vercel.app/read?w=pg-216,Existing source anchors do not establish a unique opening; preserve text and do not guess.
pg-2184,52,https://thefaithreceived.vercel.app/read?w=pg-2184,Existing source anchors do not establish a unique opening; preserve text and do not guess.
pg-441,52,https://thefaithreceived.vercel.app/read?w=pg-441,Existing source anchors do not establish a unique opening; preserve text and do not guess.
pg-827,51,https://thefaithreceived.vercel.app/read?w=pg-827,Existing source anchors do not establish a unique opening; preserve text and do not guess.
pg-3908,50,https://thefaithreceived.vercel.app/read?w=pg-3908,Existing source anchors do not establish a unique opening; preserve text and do not guess.
pg-1397,49,https://thefaithreceived.vercel.app/read?w=pg-1397,Existing source anchors do not establish a unique opening; preserve text and do not guess.
pg-3602,49,https://thefaithreceived.vercel.app/read?w=pg-3602,Existing source anchors do not establish a unique opening; preserve text and do not guess.
pg-38,49,https://thefaithreceived.vercel.app/read?w=pg-38,Existing source anchors do not establish a unique opening; preserve text and do not guess.
pg-2834,48,https://thefaithreceived.vercel.app/read?w=pg-2834,Existing source anchors do not establish a unique opening; preserve text and do not guess.
pg-422,48,https://thefaithreceived.vercel.app/read?w=pg-422,Existing source anchors do not establish a unique opening; preserve text and do not guess.
pg-467,48,https://thefaithreceived.vercel.app/read?w=pg-467,Existing source anchors do not establish a unique opening; preserve text and do not guess.
pg-125,46,https://thefaithreceived.vercel.app/read?w=pg-125,Existing source anchors do not establish a unique opening; preserve text and do not guess.
pg-3695,46,https://thefaithreceived.vercel.app/read?w=pg-3695,Existing source anchors do not establish a unique opening; preserve text and do not guess.
pg-3748,46,https://thefaithreceived.vercel.app/read?w=pg-3748,Existing source anchors do not establish a unique opening; preserve text and do not guess.
pg-1989,45,https://thefaithreceived.vercel.app/read?w=pg-1989,Existing source anchors do not establish a unique opening; preserve text and do not guess.
pg-1875,44,https://thefaithreceived.vercel.app/read?w=pg-1875,Existing source anchors do not establish a unique opening; preserve text and do not guess.
pg-2443,44,https://thefaithreceived.vercel.app/read?w=pg-2443,Existing source anchors do not establish a unique opening; preserve text and do not guess.
pg-2829,44,https://thefaithreceived.vercel.app/read?w=pg-2829,Existing source anchors do not establish a unique opening; preserve text and do not guess.
pg-342,44,https://thefaithreceived.vercel.app/read?w=pg-342,Existing source anchors do not establish a unique opening; preserve text and do not guess.
pg-1235,43,https://thefaithreceived.vercel.app/read?w=pg-1235,Existing source anchors do not establish a unique opening; preserve text and do not guess.
pg-1866,43,https://thefaithreceived.vercel.app/read?w=pg-1866,Existing source anchors do not establish a unique opening; preserve text and do not guess.
pg-3531,43,https://thefaithreceived.vercel.app/read?w=pg-3531,Existing source anchors do not establish a unique opening; preserve text and do not guess.
pg-3521,42,https://thefaithreceived.vercel.app/read?w=pg-3521,Existing source anchors do not establish a unique opening; preserve text and do not guess.
pg-3966,42,https://thefaithreceived.vercel.app/read?w=pg-3966,Existing source anchors do not establish a unique opening; preserve text and do not guess.
pg-859,42,https://thefaithreceived.vercel.app/read?w=pg-859,Existing source anchors do not establish a unique opening; preserve text and do not guess.
pg-17,41,https://thefaithreceived.vercel.app/read?w=pg-17,Existing source anchors do not establish a unique opening; preserve text and do not guess.
pg-40,41,https://thefaithreceived.vercel.app/read?w=pg-40,Existing source anchors do not establish a unique opening; preserve text and do not guess.
pg-2726,40,https://thefaithreceived.vercel.app/read?w=pg-2726,Existing source anchors do not establish a unique opening; preserve text and do not guess.
pg-2731,40,https://thefaithreceived.vercel.app/read?w=pg-2731,Existing source anchors do not establish a unique opening; preserve text and do not guess.
pg-2982,40,https://thefaithreceived.vercel.app/read?w=pg-2982,Existing source anchors do not establish a unique opening; preserve text and do not guess.
pg-4029,40,https://thefaithreceived.vercel.app/read?w=pg-4029,Existing source anchors do not establish a unique opening; preserve text and do not guess.
pg-852,40,https://thefaithreceived.vercel.app/read?w=pg-852,Existing source anchors do not establish a unique opening; preserve text and do not guess.
pg-853,40,https://thefaithreceived.vercel.app/read?w=pg-853,Existing source anchors do not establish a unique opening; preserve text and do not guess.
pg-192,39,https://thefaithreceived.vercel.app/read?w=pg-192,Existing source anchors do not establish a unique opening; preserve text and do not guess.
pg-2322,39,https://thefaithreceived.vercel.app/read?w=pg-2322,Existing source anchors do not establish a unique opening; preserve text and do not guess.
pg-848,39,https://thefaithreceived.vercel.app/read?w=pg-848,Existing source anchors do not establish a unique opening; preserve text and do not guess.
pg-849,39,https://thefaithreceived.vercel.app/read?w=pg-849,Existing source anchors do not establish a unique opening; preserve text and do not guess.
pg-873,39,https://thefaithreceived.vercel.app/read?w=pg-873,Existing source anchors do not establish a unique opening; preserve text and do not guess.
pg-2735,38,https://thefaithreceived.vercel.app/read?w=pg-2735,Existing source anchors do not establish a unique opening; preserve text and do not guess.
pg-866,38,https://thefaithreceived.vercel.app/read?w=pg-866,Existing source anchors do not establish a unique opening; preserve text and do not guess.
pg-867,38,https://thefaithreceived.vercel.app/read?w=pg-867,Existing source anchors do not establish a unique opening; preserve text and do not guess.
pg-1712,37,https://thefaithreceived.vercel.app/read?w=pg-1712,Existing source anchors do not establish a unique opening; preserve text and do not guess.
pg-2226,37,https://thefaithreceived.vercel.app/read?w=pg-2226,Existing source anchors do not establish a unique opening; preserve text and do not guess.
pg-3700,37,https://thefaithreceived.vercel.app/read?w=pg-3700,Existing source anchors do not establish a unique opening; preserve text and do not guess.
pg-3910,37,https://thefaithreceived.vercel.app/read?w=pg-3910,Existing source anchors do not establish a unique opening; preserve text and do not guess.
pg-3954,37,https://thefaithreceived.vercel.app/read?w=pg-3954,Existing source anchors do not establish a unique opening; preserve text and do not guess.
pg-663,37,https://thefaithreceived.vercel.app/read?w=pg-663,Existing source anchors do not establish a unique opening; preserve text and do not guess.
pg-856,37,https://thefaithreceived.vercel.app/read?w=pg-856,Existing source anchors do not establish a unique opening; preserve text and do not guess.
pg-862,37,https://thefaithreceived.vercel.app/read?w=pg-862,Existing source anchors do not establish a unique opening; preserve text and do not guess.
pg-863,37,https://thefaithreceived.vercel.app/read?w=pg-863,Existing source anchors do not establish a unique opening; preserve text and do not guess.
pg-3249,36,https://thefaithreceived.vercel.app/read?w=pg-3249,Existing source anchors do not establish a unique opening; preserve text and do not guess.
pg-3808,36,https://thefaithreceived.vercel.app/read?w=pg-3808,Existing source anchors do not establish a unique opening; preserve text and do not guess.
pg-3813,36,https://thefaithreceived.vercel.app/read?w=pg-3813,Existing source anchors do not establish a unique opening; preserve text and do not guess.
pg-478,36,https://thefaithreceived.vercel.app/read?w=pg-478,Existing source anchors do not establish a unique opening; preserve text and do not guess.
pg-1852,35,https://thefaithreceived.vercel.app/read?w=pg-1852,Existing source anchors do not establish a unique opening; preserve text and do not guess.
pg-199,35,https://thefaithreceived.vercel.app/read?w=pg-199,Existing source anchors do not establish a unique opening; preserve text and do not guess.
pg-2086,35,https://thefaithreceived.vercel.app/read?w=pg-2086,Existing source anchors do not establish a unique opening; preserve text and do not guess.
pg-2660,35,https://thefaithreceived.vercel.app/read?w=pg-2660,Existing source anchors do not establish a unique opening; preserve text and do not guess.
pg-2878,35,https://thefaithreceived.vercel.app/read?w=pg-2878,Existing source anchors do not establish a unique opening; preserve text and do not guess.
pg-429,35,https://thefaithreceived.vercel.app/read?w=pg-429,Existing source anchors do not establish a unique opening; preserve text and do not guess.
pg-548,35,https://thefaithreceived.vercel.app/read?w=pg-548,Existing source anchors do not establish a unique opening; preserve text and do not guess.
pg-870,35,https://thefaithreceived.vercel.app/read?w=pg-870,Existing source anchors do not establish a unique opening; preserve text and do not guess.
pg-1650,34,https://thefaithreceived.vercel.app/read?w=pg-1650,Existing source anchors do not establish a unique opening; preserve text and do not guess.
pg-2032,34,https://thefaithreceived.vercel.app/read?w=pg-2032,Existing source anchors do not establish a unique opening; preserve text and do not guess.
pg-875,34,https://thefaithreceived.vercel.app/read?w=pg-875,Existing source anchors do not establish a unique opening; preserve text and do not guess.
pg-1857,33,https://thefaithreceived.vercel.app/read?w=pg-1857,Existing source anchors do not establish a unique opening; preserve text and do not guess.
pg-306,33,https://thefaithreceived.vercel.app/read?w=pg-306,Existing source anchors do not establish a unique opening; preserve text and do not guess.
pg-3667,33,https://thefaithreceived.vercel.app/read?w=pg-3667,Existing source anchors do not establish a unique opening; preserve text and do not guess.
pg-3806,33,https://thefaithreceived.vercel.app/read?w=pg-3806,Existing source anchors do not establish a unique opening; preserve text and do not guess.
pg-702,33,https://thefaithreceived.vercel.app/read?w=pg-702,Existing source anchors do not establish a unique opening; preserve text and do not guess.
pg-2496,32,https://thefaithreceived.vercel.app/read?w=pg-2496,Existing source anchors do not establish a unique opening; preserve text and do not guess.
pg-2882,32,https://thefaithreceived.vercel.app/read?w=pg-2882,Existing source anchors do not establish a unique opening; preserve text and do not guess.
pg-878,32,https://thefaithreceived.vercel.app/read?w=pg-878,Existing source anchors do not establish a unique opening; preserve text and do not guess.
pg-880,32,https://thefaithreceived.vercel.app/read?w=pg-880,Existing source anchors do not establish a unique opening; preserve text and do not guess.
pg-2031,31,https://thefaithreceived.vercel.app/read?w=pg-2031,Existing source anchors do not establish a unique opening; preserve text and do not guess.
pg-3791,31,https://thefaithreceived.vercel.app/read?w=pg-3791,Existing source anchors do not establish a unique opening; preserve text and do not guess.
pg-5,31,https://thefaithreceived.vercel.app/read?w=pg-5,Existing source anchors do not establish a unique opening; preserve text and do not guess.
pg-138,30,https://thefaithreceived.vercel.app/read?w=pg-138,Existing source anchors do not establish a unique opening; preserve text and do not guess.
pg-2252,30,https://thefaithreceived.vercel.app/read?w=pg-2252,Existing source anchors do not establish a unique opening; preserve text and do not guess.
pg-238,30,https://thefaithreceived.vercel.app/read?w=pg-238,Existing source anchors do not establish a unique opening; preserve text and do not guess.
pg-2964,30,https://thefaithreceived.vercel.app/read?w=pg-2964,Existing source anchors do not establish a unique opening; preserve text and do not guess.
pg-3749,30,https://thefaithreceived.vercel.app/read?w=pg-3749,Existing source anchors do not establish a unique opening; preserve text and do not guess.
pg-390,30,https://thefaithreceived.vercel.app/read?w=pg-390,Existing source anchors do not establish a unique opening; preserve text and do not guess.
pg-4012,30,https://thefaithreceived.vercel.app/read?w=pg-4012,Existing source anchors do not establish a unique opening; preserve text and do not guess.
pg-883,29,https://thefaithreceived.vercel.app/read?w=pg-883,Existing source anchors do not establish a unique opening; preserve text and do not guess.
pg-889,29,https://thefaithreceived.vercel.app/read?w=pg-889,Existing source anchors do not establish a unique opening; preserve text and do not guess.
pg-890,29,https://thefaithreceived.vercel.app/read?w=pg-890,Existing source anchors do not establish a unique opening; preserve text and do not guess.
pg-891,29,https://thefaithreceived.vercel.app/read?w=pg-891,Existing source anchors do not establish a unique opening; preserve text and do not guess.
pg-896,29,https://thefaithreceived.vercel.app/read?w=pg-896,Existing source anchors do not establish a unique opening; preserve text and do not guess.
pg-2749,28,https://thefaithreceived.vercel.app/read?w=pg-2749,Existing source anchors do not establish a unique opening; preserve text and do not guess.
pg-3732,28,https://thefaithreceived.vercel.app/read?w=pg-3732,Existing source anchors do not establish a unique opening; preserve text and do not guess.
pg-383,28,https://thefaithreceived.vercel.app/read?w=pg-383,Existing source anchors do not establish a unique opening; preserve text and do not guess.
pg-622,28,https://thefaithreceived.vercel.app/read?w=pg-622,Existing source anchors do not establish a unique opening; preserve text and do not guess.
pg-2657,27,https://thefaithreceived.vercel.app/read?w=pg-2657,Existing source anchors do not establish a unique opening; preserve text and do not guess.
pg-3805,27,https://thefaithreceived.vercel.app/read?w=pg-3805,Existing source anchors do not establish a unique opening; preserve text and do not guess.
pg-1646,26,https://thefaithreceived.vercel.app/read?w=pg-1646,Existing source anchors do not establish a unique opening; preserve text and do not guess.
pg-2276,26,https://thefaithreceived.vercel.app/read?w=pg-2276,Existing source anchors do not establish a unique opening; preserve text and do not guess.
pg-2727,26,https://thefaithreceived.vercel.app/read?w=pg-2727,Existing source anchors do not establish a unique opening; preserve text and do not guess.
pg-279,26,https://thefaithreceived.vercel.app/read?w=pg-279,Existing source anchors do not establish a unique opening; preserve text and do not guess.
pg-2889,26,https://thefaithreceived.vercel.app/read?w=pg-2889,Existing source anchors do not establish a unique opening; preserve text and do not guess.
pg-532,26,https://thefaithreceived.vercel.app/read?w=pg-532,Existing source anchors do not establish a unique opening; preserve text and do not guess.
pg-893,26,https://thefaithreceived.vercel.app/read?w=pg-893,Existing source anchors do not establish a unique opening; preserve text and do not guess.
pg-1681,25,https://thefaithreceived.vercel.app/read?w=pg-1681,Existing source anchors do not establish a unique opening; preserve text and do not guess.
pg-1726,25,https://thefaithreceived.vercel.app/read?w=pg-1726,Existing source anchors do not establish a unique opening; preserve text and do not guess.
pg-2173,25,https://thefaithreceived.vercel.app/read?w=pg-2173,Existing source anchors do not establish a unique opening; preserve text and do not guess.
pg-218,25,https://thefaithreceived.vercel.app/read?w=pg-218,Existing source anchors do not establish a unique opening; preserve text and do not guess.
pg-2275,25,https://thefaithreceived.vercel.app/read?w=pg-2275,Existing source anchors do not establish a unique opening; preserve text and do not guess.
pg-3723,25,https://thefaithreceived.vercel.app/read?w=pg-3723,Existing source anchors do not establish a unique opening; preserve text and do not guess.
pg-3944,25,https://thefaithreceived.vercel.app/read?w=pg-3944,Existing source anchors do not establish a unique opening; preserve text and do not guess.
pg-903,25,https://thefaithreceived.vercel.app/read?w=pg-903,Existing source anchors do not establish a unique opening; preserve text and do not guess.
pg-904,25,https://thefaithreceived.vercel.app/read?w=pg-904,Existing source anchors do not establish a unique opening; preserve text and do not guess.
pg-911,25,https://thefaithreceived.vercel.app/read?w=pg-911,Existing source anchors do not establish a unique opening; preserve text and do not guess.
pg-912,25,https://thefaithreceived.vercel.app/read?w=pg-912,Existing source anchors do not establish a unique opening; preserve text and do not guess.
pg-1164,24,https://thefaithreceived.vercel.app/read?w=pg-1164,Existing source anchors do not establish a unique opening; preserve text and do not guess.
pg-2170,24,https://thefaithreceived.vercel.app/read?w=pg-2170,Existing source anchors do not establish a unique opening; preserve text and do not guess.
pg-2310,24,https://thefaithreceived.vercel.app/read?w=pg-2310,Existing source anchors do not establish a unique opening; preserve text and do not guess.
pg-3556,24,https://thefaithreceived.vercel.app/read?w=pg-3556,Existing source anchors do not establish a unique opening; preserve text and do not guess.
pg-3653,24,https://thefaithreceived.vercel.app/read?w=pg-3653,Existing source anchors do not establish a unique opening; preserve text and do not guess.
pg-3708,24,https://thefaithreceived.vercel.app/read?w=pg-3708,Existing source anchors do not establish a unique opening; preserve text and do not guess.
pg-885,24,https://thefaithreceived.vercel.app/read?w=pg-885,Existing source anchors do not establish a unique opening; preserve text and do not guess.
pg-886,24,https://thefaithreceived.vercel.app/read?w=pg-886,Existing source anchors do not establish a unique opening; preserve text and do not guess.
pg-887,24,https://thefaithreceived.vercel.app/read?w=pg-887,Existing source anchors do not establish a unique opening; preserve text and do not guess.
pg-906,24,https://thefaithreceived.vercel.app/read?w=pg-906,Existing source anchors do not establish a unique opening; preserve text and do not guess.
pg-907,24,https://thefaithreceived.vercel.app/read?w=pg-907,Existing source anchors do not establish a unique opening; preserve text and do not guess.
pg-908,24,https://thefaithreceived.vercel.app/read?w=pg-908,Existing source anchors do not establish a unique opening; preserve text and do not guess.
pg-1338,23,https://thefaithreceived.vercel.app/read?w=pg-1338,Existing source anchors do not establish a unique opening; preserve text and do not guess.
pg-2739,23,https://thefaithreceived.vercel.app/read?w=pg-2739,Existing source anchors do not establish a unique opening; preserve text and do not guess.
pg-325,23,https://thefaithreceived.vercel.app/read?w=pg-325,Existing source anchors do not establish a unique opening; preserve text and do not guess.
pg-3676,23,https://thefaithreceived.vercel.app/read?w=pg-3676,Existing source anchors do not establish a unique opening; preserve text and do not guess.
pg-3741,23,https://thefaithreceived.vercel.app/read?w=pg-3741,Existing source anchors do not establish a unique opening; preserve text and do not guess.
pg-3844,23,https://thefaithreceived.vercel.app/read?w=pg-3844,Existing source anchors do not establish a unique opening; preserve text and do not guess.
pg-919,23,https://thefaithreceived.vercel.app/read?w=pg-919,Existing source anchors do not establish a unique opening; preserve text and do not guess.
pg-920,23,https://thefaithreceived.vercel.app/read?w=pg-920,Existing source anchors do not establish a unique opening; preserve text and do not guess.
pg-1686,22,https://thefaithreceived.vercel.app/read?w=pg-1686,Existing source anchors do not establish a unique opening; preserve text and do not guess.
pg-1814,22,https://thefaithreceived.vercel.app/read?w=pg-1814,Existing source anchors do not establish a unique opening; preserve text and do not guess.
pg-1897,22,https://thefaithreceived.vercel.app/read?w=pg-1897,Existing source anchors do not establish a unique opening; preserve text and do not guess.
pg-318,22,https://thefaithreceived.vercel.app/read?w=pg-318,Existing source anchors do not establish a unique opening; preserve text and do not guess.
pg-3200,22,https://thefaithreceived.vercel.app/read?w=pg-3200,Existing source anchors do not establish a unique opening; preserve text and do not guess.
pg-3510,22,https://thefaithreceived.vercel.app/read?w=pg-3510,Existing source anchors do not establish a unique opening; preserve text and do not guess.
pg-3533,22,https://thefaithreceived.vercel.app/read?w=pg-3533,Existing source anchors do not establish a unique opening; preserve text and do not guess.
pg-3729,22,https://thefaithreceived.vercel.app/read?w=pg-3729,Existing source anchors do not establish a unique opening; preserve text and do not guess.
pg-899,22,https://thefaithreceived.vercel.app/read?w=pg-899,Existing source anchors do not establish a unique opening; preserve text and do not guess.
pg-900,22,https://thefaithreceived.vercel.app/read?w=pg-900,Existing source anchors do not establish a unique opening; preserve text and do not guess.
pg-923,22,https://thefaithreceived.vercel.app/read?w=pg-923,Existing source anchors do not establish a unique opening; preserve text and do not guess.
pg-163,21,https://thefaithreceived.vercel.app/read?w=pg-163,Existing source anchors do not establish a unique opening; preserve text and do not guess.
pg-1854,21,https://thefaithreceived.vercel.app/read?w=pg-1854,Existing source anchors do not establish a unique opening; preserve text and do not guess.
pg-2872,21,https://thefaithreceived.vercel.app/read?w=pg-2872,Existing source anchors do not establish a unique opening; preserve text and do not guess.
pg-3054,21,https://thefaithreceived.vercel.app/read?w=pg-3054,Existing source anchors do not establish a unique opening; preserve text and do not guess.
pg-310,21,https://thefaithreceived.vercel.app/read?w=pg-310,Existing source anchors do not establish a unique opening; preserve text and do not guess.
pg-344,21,https://thefaithreceived.vercel.app/read?w=pg-344,Existing source anchors do not establish a unique opening; preserve text and do not guess.
pg-3675,21,https://thefaithreceived.vercel.app/read?w=pg-3675,Existing source anchors do not establish a unique opening; preserve text and do not guess.
pg-3849,21,https://thefaithreceived.vercel.app/read?w=pg-3849,Existing source anchors do not establish a unique opening; preserve text and do not guess.
pg-4028,21,https://thefaithreceived.vercel.app/read?w=pg-4028,Existing source anchors do not establish a unique opening; preserve text and do not guess.
pg-1760,20,https://thefaithreceived.vercel.app/read?w=pg-1760,Existing source anchors do not establish a unique opening; preserve text and do not guess.
pg-202,20,https://thefaithreceived.vercel.app/read?w=pg-202,Existing source anchors do not establish a unique opening; preserve text and do not guess.
pg-2243,20,https://thefaithreceived.vercel.app/read?w=pg-2243,Existing source anchors do not establish a unique opening; preserve text and do not guess.
pg-2497,20,https://thefaithreceived.vercel.app/read?w=pg-2497,Existing source anchors do not establish a unique opening; preserve text and do not guess.
pg-311,20,https://thefaithreceived.vercel.app/read?w=pg-311,Existing source anchors do not establish a unique opening; preserve text and do not guess.
pg-3589,20,https://thefaithreceived.vercel.app/read?w=pg-3589,Existing source anchors do not establish a unique opening; preserve text and do not guess.
pg-3669,20,https://thefaithreceived.vercel.app/read?w=pg-3669,Existing source anchors do not establish a unique opening; preserve text and do not guess.
pg-915,20,https://thefaithreceived.vercel.app/read?w=pg-915,Existing source anchors do not establish a unique opening; preserve text and do not guess.
pg-916,20,https://thefaithreceived.vercel.app/read?w=pg-916,Existing source anchors do not establish a unique opening; preserve text and do not guess.
pg-1721,19,https://thefaithreceived.vercel.app/read?w=pg-1721,Existing source anchors do not establish a unique opening; preserve text and do not guess.
pg-1836,19,https://thefaithreceived.vercel.app/read?w=pg-1836,Existing source anchors do not establish a unique opening; preserve text and do not guess.
pg-39,19,https://thefaithreceived.vercel.app/read?w=pg-39,Existing source anchors do not establish a unique opening; preserve text and do not guess.
pg-3967,19,https://thefaithreceived.vercel.app/read?w=pg-3967,Existing source anchors do not establish a unique opening; preserve text and do not guess.
pg-400,19,https://thefaithreceived.vercel.app/read?w=pg-400,Existing source anchors do not establish a unique opening; preserve text and do not guess.
pg-825,19,https://thefaithreceived.vercel.app/read?w=pg-825,Existing source anchors do not establish a unique opening; preserve text and do not guess.
pg-2584,18,https://thefaithreceived.vercel.app/read?w=pg-2584,Existing source anchors do not establish a unique opening; preserve text and do not guess.
pg-3246,18,https://thefaithreceived.vercel.app/read?w=pg-3246,Existing source anchors do not establish a unique opening; preserve text and do not guess.
pg-341,18,https://thefaithreceived.vercel.app/read?w=pg-341,Existing source anchors do not establish a unique opening; preserve text and do not guess.
pg-3545,18,https://thefaithreceived.vercel.app/read?w=pg-3545,Existing source anchors do not establish a unique opening; preserve text and do not guess.
pg-1855,17,https://thefaithreceived.vercel.app/read?w=pg-1855,Existing source anchors do not establish a unique opening; preserve text and do not guess.
pg-2239,17,https://thefaithreceived.vercel.app/read?w=pg-2239,Existing source anchors do not establish a unique opening; preserve text and do not guess.
pg-2246,17,https://thefaithreceived.vercel.app/read?w=pg-2246,Existing source anchors do not establish a unique opening; preserve text and do not guess.
pg-2865,17,https://thefaithreceived.vercel.app/read?w=pg-2865,Existing source anchors do not establish a unique opening; preserve text and do not guess.
pg-3239,17,https://thefaithreceived.vercel.app/read?w=pg-3239,Existing source anchors do not establish a unique opening; preserve text and do not guess.
pg-3280,17,https://thefaithreceived.vercel.app/read?w=pg-3280,Existing source anchors do not establish a unique opening; preserve text and do not guess.
pg-3710,17,https://thefaithreceived.vercel.app/read?w=pg-3710,Existing source anchors do not establish a unique opening; preserve text and do not guess.
pg-3740,17,https://thefaithreceived.vercel.app/read?w=pg-3740,Existing source anchors do not establish a unique opening; preserve text and do not guess.
pg-3960,17,https://thefaithreceived.vercel.app/read?w=pg-3960,Existing source anchors do not establish a unique opening; preserve text and do not guess.
pg-432,17,https://thefaithreceived.vercel.app/read?w=pg-432,Existing source anchors do not establish a unique opening; preserve text and do not guess.
pg-442,17,https://thefaithreceived.vercel.app/read?w=pg-442,Existing source anchors do not establish a unique opening; preserve text and do not guess.
pg-1172,16,https://thefaithreceived.vercel.app/read?w=pg-1172,Existing source anchors do not establish a unique opening; preserve text and do not guess.
pg-1642,16,https://thefaithreceived.vercel.app/read?w=pg-1642,Existing source anchors do not establish a unique opening; preserve text and do not guess.
pg-1649,16,https://thefaithreceived.vercel.app/read?w=pg-1649,Existing source anchors do not establish a unique opening; preserve text and do not guess.
pg-2047,16,https://thefaithreceived.vercel.app/read?w=pg-2047,Existing source anchors do not establish a unique opening; preserve text and do not guess.
pg-2122,16,https://thefaithreceived.vercel.app/read?w=pg-2122,Existing source anchors do not establish a unique opening; preserve text and do not guess.
pg-242,16,https://thefaithreceived.vercel.app/read?w=pg-242,Existing source anchors do not establish a unique opening; preserve text and do not guess.
pg-2638,16,https://thefaithreceived.vercel.app/read?w=pg-2638,Existing source anchors do not establish a unique opening; preserve text and do not guess.
pg-3156,16,https://thefaithreceived.vercel.app/read?w=pg-3156,Existing source anchors do not establish a unique opening; preserve text and do not guess.
pg-3460,16,https://thefaithreceived.vercel.app/read?w=pg-3460,Existing source anchors do not establish a unique opening; preserve text and do not guess.
pg-3701,16,https://thefaithreceived.vercel.app/read?w=pg-3701,Existing source anchors do not establish a unique opening; preserve text and do not guess.
pg-3792,16,https://thefaithreceived.vercel.app/read?w=pg-3792,Existing source anchors do not establish a unique opening; preserve text and do not guess.
pg-3807,16,https://thefaithreceived.vercel.app/read?w=pg-3807,Existing source anchors do not establish a unique opening; preserve text and do not guess.
pg-3889,16,https://thefaithreceived.vercel.app/read?w=pg-3889,Existing source anchors do not establish a unique opening; preserve text and do not guess.
pg-69,16,https://thefaithreceived.vercel.app/read?w=pg-69,Existing source anchors do not establish a unique opening; preserve text and do not guess.
pg-112,15,https://thefaithreceived.vercel.app/read?w=pg-112,Existing source anchors do not establish a unique opening; preserve text and do not guess.
pg-1482,15,https://thefaithreceived.vercel.app/read?w=pg-1482,Existing source anchors do not establish a unique opening; preserve text and do not guess.
pg-211,15,https://thefaithreceived.vercel.app/read?w=pg-211,Existing source anchors do not establish a unique opening; preserve text and do not guess.
pg-2949,15,https://thefaithreceived.vercel.app/read?w=pg-2949,Existing source anchors do not establish a unique opening; preserve text and do not guess.
pg-3032,15,https://thefaithreceived.vercel.app/read?w=pg-3032,Existing source anchors do not establish a unique opening; preserve text and do not guess.
pg-2085,14,https://thefaithreceived.vercel.app/read?w=pg-2085,Existing source anchors do not establish a unique opening; preserve text and do not guess.
pg-2420,14,https://thefaithreceived.vercel.app/read?w=pg-2420,Existing source anchors do not establish a unique opening; preserve text and do not guess.
pg-2637,14,https://thefaithreceived.vercel.app/read?w=pg-2637,Existing source anchors do not establish a unique opening; preserve text and do not guess.
pg-2809,14,https://thefaithreceived.vercel.app/read?w=pg-2809,Existing source anchors do not establish a unique opening; preserve text and do not guess.
pg-2883,14,https://thefaithreceived.vercel.app/read?w=pg-2883,Existing source anchors do not establish a unique opening; preserve text and do not guess.
pg-3419,14,https://thefaithreceived.vercel.app/read?w=pg-3419,Existing source anchors do not establish a unique opening; preserve text and do not guess.
pg-3574,14,https://thefaithreceived.vercel.app/read?w=pg-3574,Existing source anchors do not establish a unique opening; preserve text and do not guess.
pg-3612,14,https://thefaithreceived.vercel.app/read?w=pg-3612,Existing source anchors do not establish a unique opening; preserve text and do not guess.
pg-3916,14,https://thefaithreceived.vercel.app/read?w=pg-3916,Existing source anchors do not establish a unique opening; preserve text and do not guess.
pg-3932,14,https://thefaithreceived.vercel.app/read?w=pg-3932,Existing source anchors do not establish a unique opening; preserve text and do not guess.
pg-3972,14,https://thefaithreceived.vercel.app/read?w=pg-3972,Existing source anchors do not establish a unique opening; preserve text and do not guess.
pg-2187,13,https://thefaithreceived.vercel.app/read?w=pg-2187,Existing source anchors do not establish a unique opening; preserve text and do not guess.
pg-2621,13,https://thefaithreceived.vercel.app/read?w=pg-2621,Existing source anchors do not establish a unique opening; preserve text and do not guess.
pg-2750,13,https://thefaithreceived.vercel.app/read?w=pg-2750,Existing source anchors do not establish a unique opening; preserve text and do not guess.
pg-2833,13,https://thefaithreceived.vercel.app/read?w=pg-2833,Existing source anchors do not establish a unique opening; preserve text and do not guess.
pg-3526,13,https://thefaithreceived.vercel.app/read?w=pg-3526,Existing source anchors do not establish a unique opening; preserve text and do not guess.
pg-3609,13,https://thefaithreceived.vercel.app/read?w=pg-3609,Existing source anchors do not establish a unique opening; preserve text and do not guess.
pg-594,13,https://thefaithreceived.vercel.app/read?w=pg-594,Existing source anchors do not establish a unique opening; preserve text and do not guess.
pg-606,13,https://thefaithreceived.vercel.app/read?w=pg-606,Existing source anchors do not establish a unique opening; preserve text and do not guess.
pg-1824,12,https://thefaithreceived.vercel.app/read?w=pg-1824,Existing source anchors do not establish a unique opening; preserve text and do not guess.
pg-2037,12,https://thefaithreceived.vercel.app/read?w=pg-2037,Existing source anchors do not establish a unique opening; preserve text and do not guess.
pg-2186,12,https://thefaithreceived.vercel.app/read?w=pg-2186,Existing source anchors do not establish a unique opening; preserve text and do not guess.
pg-2247,12,https://thefaithreceived.vercel.app/read?w=pg-2247,Existing source anchors do not establish a unique opening; preserve text and do not guess.
pg-2511,12,https://thefaithreceived.vercel.app/read?w=pg-2511,Existing source anchors do not establish a unique opening; preserve text and do not guess.
pg-2540,12,https://thefaithreceived.vercel.app/read?w=pg-2540,Existing source anchors do not establish a unique opening; preserve text and do not guess.
pg-2541,12,https://thefaithreceived.vercel.app/read?w=pg-2541,Existing source anchors do not establish a unique opening; preserve text and do not guess.
pg-3041,12,https://thefaithreceived.vercel.app/read?w=pg-3041,Existing source anchors do not establish a unique opening; preserve text and do not guess.
pg-3420,12,https://thefaithreceived.vercel.app/read?w=pg-3420,Existing source anchors do not establish a unique opening; preserve text and do not guess.
pg-3678,12,https://thefaithreceived.vercel.app/read?w=pg-3678,Existing source anchors do not establish a unique opening; preserve text and do not guess.
pg-472,12,https://thefaithreceived.vercel.app/read?w=pg-472,Existing source anchors do not establish a unique opening; preserve text and do not guess.
pg-1460,11,https://thefaithreceived.vercel.app/read?w=pg-1460,Existing source anchors do not establish a unique opening; preserve text and do not guess.
pg-1652,11,https://thefaithreceived.vercel.app/read?w=pg-1652,Existing source anchors do not establish a unique opening; preserve text and do not guess.
pg-1856,11,https://thefaithreceived.vercel.app/read?w=pg-1856,Existing source anchors do not establish a unique opening; preserve text and do not guess.
pg-1926,11,https://thefaithreceived.vercel.app/read?w=pg-1926,Existing source anchors do not establish a unique opening; preserve text and do not guess.
pg-1941,11,https://thefaithreceived.vercel.app/read?w=pg-1941,Existing source anchors do not establish a unique opening; preserve text and do not guess.
pg-2738,11,https://thefaithreceived.vercel.app/read?w=pg-2738,Existing source anchors do not establish a unique opening; preserve text and do not guess.
pg-3090,11,https://thefaithreceived.vercel.app/read?w=pg-3090,Existing source anchors do not establish a unique opening; preserve text and do not guess.
pg-3219,11,https://thefaithreceived.vercel.app/read?w=pg-3219,Existing source anchors do not establish a unique opening; preserve text and do not guess.
pg-335,11,https://thefaithreceived.vercel.app/read?w=pg-335,Existing source anchors do not establish a unique opening; preserve text and do not guess.
pg-3466,11,https://thefaithreceived.vercel.app/read?w=pg-3466,Existing source anchors do not establish a unique opening; preserve text and do not guess.
pg-3483,11,https://thefaithreceived.vercel.app/read?w=pg-3483,Existing source anchors do not establish a unique opening; preserve text and do not guess.
pg-3617,11,https://thefaithreceived.vercel.app/read?w=pg-3617,Existing source anchors do not establish a unique opening; preserve text and do not guess.
pg-3661,11,https://thefaithreceived.vercel.app/read?w=pg-3661,Existing source anchors do not establish a unique opening; preserve text and do not guess.
pg-3736,11,https://thefaithreceived.vercel.app/read?w=pg-3736,Existing source anchors do not establish a unique opening; preserve text and do not guess.
pg-3874,11,https://thefaithreceived.vercel.app/read?w=pg-3874,Existing source anchors do not establish a unique opening; preserve text and do not guess.
pg-3999,11,https://thefaithreceived.vercel.app/read?w=pg-3999,Existing source anchors do not establish a unique opening; preserve text and do not guess.
pg-4049,11,https://thefaithreceived.vercel.app/read?w=pg-4049,Existing source anchors do not establish a unique opening; preserve text and do not guess.
pg-108,10,https://thefaithreceived.vercel.app/read?w=pg-108,Existing source anchors do not establish a unique opening; preserve text and do not guess.
pg-1158,10,https://thefaithreceived.vercel.app/read?w=pg-1158,Existing source anchors do not establish a unique opening; preserve text and do not guess.
pg-2146,10,https://thefaithreceived.vercel.app/read?w=pg-2146,Existing source anchors do not establish a unique opening; preserve text and do not guess.
pg-2526,10,https://thefaithreceived.vercel.app/read?w=pg-2526,Existing source anchors do not establish a unique opening; preserve text and do not guess.
pg-2545,10,https://thefaithreceived.vercel.app/read?w=pg-2545,Existing source anchors do not establish a unique opening; preserve text and do not guess.
pg-263,10,https://thefaithreceived.vercel.app/read?w=pg-263,Existing source anchors do not establish a unique opening; preserve text and do not guess.
pg-2663,10,https://thefaithreceived.vercel.app/read?w=pg-2663,Existing source anchors do not establish a unique opening; preserve text and do not guess.
pg-2664,10,https://thefaithreceived.vercel.app/read?w=pg-2664,Existing source anchors do not establish a unique opening; preserve text and do not guess.
pg-2751,10,https://thefaithreceived.vercel.app/read?w=pg-2751,Existing source anchors do not establish a unique opening; preserve text and do not guess.
pg-2826,10,https://thefaithreceived.vercel.app/read?w=pg-2826,Existing source anchors do not establish a unique opening; preserve text and do not guess.
pg-2884,10,https://thefaithreceived.vercel.app/read?w=pg-2884,Existing source anchors do not establish a unique opening; preserve text and do not guess.
pg-2891,10,https://thefaithreceived.vercel.app/read?w=pg-2891,Existing source anchors do not establish a unique opening; preserve text and do not guess.
pg-3093,10,https://thefaithreceived.vercel.app/read?w=pg-3093,Existing source anchors do not establish a unique opening; preserve text and do not guess.
pg-3428,10,https://thefaithreceived.vercel.app/read?w=pg-3428,Existing source anchors do not establish a unique opening; preserve text and do not guess.
pg-3440,10,https://thefaithreceived.vercel.app/read?w=pg-3440,Existing source anchors do not establish a unique opening; preserve text and do not guess.
pg-3539,10,https://thefaithreceived.vercel.app/read?w=pg-3539,Existing source anchors do not establish a unique opening; preserve text and do not guess.
pg-3696,10,https://thefaithreceived.vercel.app/read?w=pg-3696,Existing source anchors do not establish a unique opening; preserve text and do not guess.
pg-3734,10,https://thefaithreceived.vercel.app/read?w=pg-3734,Existing source anchors do not establish a unique opening; preserve text and do not guess.
pg-3735,10,https://thefaithreceived.vercel.app/read?w=pg-3735,Existing source anchors do not establish a unique opening; preserve text and do not guess.
pg-3739,10,https://thefaithreceived.vercel.app/read?w=pg-3739,Existing source anchors do not establish a unique opening; preserve text and do not guess.
pg-3785,10,https://thefaithreceived.vercel.app/read?w=pg-3785,Existing source anchors do not establish a unique opening; preserve text and do not guess.
pg-431,10,https://thefaithreceived.vercel.app/read?w=pg-431,Existing source anchors do not establish a unique opening; preserve text and do not guess.
pg-494,10,https://thefaithreceived.vercel.app/read?w=pg-494,Existing source anchors do not establish a unique opening; preserve text and do not guess.
pg-585,10,https://thefaithreceived.vercel.app/read?w=pg-585,Existing source anchors do not establish a unique opening; preserve text and do not guess.
pg-625,10,https://thefaithreceived.vercel.app/read?w=pg-625,Existing source anchors do not establish a unique opening; preserve text and do not guess.
pg-765,10,https://thefaithreceived.vercel.app/read?w=pg-765,Existing source anchors do not establish a unique opening; preserve text and do not guess.
pg-1838,9,https://thefaithreceived.vercel.app/read?w=pg-1838,Existing source anchors do not establish a unique opening; preserve text and do not guess.
pg-2465,9,https://thefaithreceived.vercel.app/read?w=pg-2465,Existing source anchors do not establish a unique opening; preserve text and do not guess.
pg-2514,9,https://thefaithreceived.vercel.app/read?w=pg-2514,Existing source anchors do not establish a unique opening; preserve text and do not guess.
pg-2574,9,https://thefaithreceived.vercel.app/read?w=pg-2574,Existing source anchors do not establish a unique opening; preserve text and do not guess.
pg-2714,9,https://thefaithreceived.vercel.app/read?w=pg-2714,Existing source anchors do not establish a unique opening; preserve text and do not guess.
pg-2999,9,https://thefaithreceived.vercel.app/read?w=pg-2999,Existing source anchors do not establish a unique opening; preserve text and do not guess.
pg-3216,9,https://thefaithreceived.vercel.app/read?w=pg-3216,Existing source anchors do not establish a unique opening; preserve text and do not guess.
pg-3305,9,https://thefaithreceived.vercel.app/read?w=pg-3305,Existing source anchors do not establish a unique opening; preserve text and do not guess.
pg-3549,9,https://thefaithreceived.vercel.app/read?w=pg-3549,Existing source anchors do not establish a unique opening; preserve text and do not guess.
pg-362,9,https://thefaithreceived.vercel.app/read?w=pg-362,Existing source anchors do not establish a unique opening; preserve text and do not guess.
pg-376,9,https://thefaithreceived.vercel.app/read?w=pg-376,Existing source anchors do not establish a unique opening; preserve text and do not guess.
pg-3853,9,https://thefaithreceived.vercel.app/read?w=pg-3853,Existing source anchors do not establish a unique opening; preserve text and do not guess.
pg-3970,9,https://thefaithreceived.vercel.app/read?w=pg-3970,Existing source anchors do not establish a unique opening; preserve text and do not guess.
pg-491,9,https://thefaithreceived.vercel.app/read?w=pg-491,Existing source anchors do not establish a unique opening; preserve text and do not guess.
pg-515,9,https://thefaithreceived.vercel.app/read?w=pg-515,Existing source anchors do not establish a unique opening; preserve text and do not guess.
pg-549,9,https://thefaithreceived.vercel.app/read?w=pg-549,Existing source anchors do not establish a unique opening; preserve text and do not guess.
pg-579,9,https://thefaithreceived.vercel.app/read?w=pg-579,Existing source anchors do not establish a unique opening; preserve text and do not guess.
pg-595,9,https://thefaithreceived.vercel.app/read?w=pg-595,Existing source anchors do not establish a unique opening; preserve text and do not guess.
pg-597,9,https://thefaithreceived.vercel.app/read?w=pg-597,Existing source anchors do not establish a unique opening; preserve text and do not guess.
pg-105,8,https://thefaithreceived.vercel.app/read?w=pg-105,Existing source anchors do not establish a unique opening; preserve text and do not guess.
pg-1621,8,https://thefaithreceived.vercel.app/read?w=pg-1621,Existing source anchors do not establish a unique opening; preserve text and do not guess.
pg-1816,8,https://thefaithreceived.vercel.app/read?w=pg-1816,Existing source anchors do not establish a unique opening; preserve text and do not guess.
pg-1928,8,https://thefaithreceived.vercel.app/read?w=pg-1928,Existing source anchors do not establish a unique opening; preserve text and do not guess.
pg-1949,8,https://thefaithreceived.vercel.app/read?w=pg-1949,Existing source anchors do not establish a unique opening; preserve text and do not guess.
pg-2131,8,https://thefaithreceived.vercel.app/read?w=pg-2131,Existing source anchors do not establish a unique opening; preserve text and do not guess.
pg-2238,8,https://thefaithreceived.vercel.app/read?w=pg-2238,Existing source anchors do not establish a unique opening; preserve text and do not guess.
pg-2319,8,https://thefaithreceived.vercel.app/read?w=pg-2319,Existing source anchors do not establish a unique opening; preserve text and do not guess.
pg-2339,8,https://thefaithreceived.vercel.app/read?w=pg-2339,Existing source anchors do not establish a unique opening; preserve text and do not guess.
pg-2369,8,https://thefaithreceived.vercel.app/read?w=pg-2369,Existing source anchors do not establish a unique opening; preserve text and do not guess.
pg-2370,8,https://thefaithreceived.vercel.app/read?w=pg-2370,Existing source anchors do not establish a unique opening; preserve text and do not guess.
pg-2380,8,https://thefaithreceived.vercel.app/read?w=pg-2380,Existing source anchors do not establish a unique opening; preserve text and do not guess.
pg-27,8,https://thefaithreceived.vercel.app/read?w=pg-27,Existing source anchors do not establish a unique opening; preserve text and do not guess.
pg-2746,8,https://thefaithreceived.vercel.app/read?w=pg-2746,Existing source anchors do not establish a unique opening; preserve text and do not guess.
pg-2832,8,https://thefaithreceived.vercel.app/read?w=pg-2832,Existing source anchors do not establish a unique opening; preserve text and do not guess.
pg-2904,8,https://thefaithreceived.vercel.app/read?w=pg-2904,Existing source anchors do not establish a unique opening; preserve text and do not guess.
pg-3492,8,https://thefaithreceived.vercel.app/read?w=pg-3492,Existing source anchors do not establish a unique opening; preserve text and do not guess.
pg-3694,8,https://thefaithreceived.vercel.app/read?w=pg-3694,Existing source anchors do not establish a unique opening; preserve text and do not guess.
pg-3868,8,https://thefaithreceived.vercel.app/read?w=pg-3868,Existing source anchors do not establish a unique opening; preserve text and do not guess.
pg-4059,8,https://thefaithreceived.vercel.app/read?w=pg-4059,Existing source anchors do not establish a unique opening; preserve text and do not guess.
pg-484,8,https://thefaithreceived.vercel.app/read?w=pg-484,Existing source anchors do not establish a unique opening; preserve text and do not guess.
pg-526,8,https://thefaithreceived.vercel.app/read?w=pg-526,Existing source anchors do not establish a unique opening; preserve text and do not guess.
pg-779,8,https://thefaithreceived.vercel.app/read?w=pg-779,Existing source anchors do not establish a unique opening; preserve text and do not guess.
pg-99,8,https://thefaithreceived.vercel.app/read?w=pg-99,Existing source anchors do not establish a unique opening; preserve text and do not guess.
pg-1181,7,https://thefaithreceived.vercel.app/read?w=pg-1181,Existing source anchors do not establish a unique opening; preserve text and do not guess.
pg-1451,7,https://thefaithreceived.vercel.app/read?w=pg-1451,Existing source anchors do not establish a unique opening; preserve text and do not guess.
pg-160,7,https://thefaithreceived.vercel.app/read?w=pg-160,Existing source anchors do not establish a unique opening; preserve text and do not guess.
pg-187,7,https://thefaithreceived.vercel.app/read?w=pg-187,Existing source anchors do not establish a unique opening; preserve text and do not guess.
pg-2248,7,https://thefaithreceived.vercel.app/read?w=pg-2248,Existing source anchors do not establish a unique opening; preserve text and do not guess.
pg-246,7,https://thefaithreceived.vercel.app/read?w=pg-246,Existing source anchors do not establish a unique opening; preserve text and do not guess.
pg-2595,7,https://thefaithreceived.vercel.app/read?w=pg-2595,Existing source anchors do not establish a unique opening; preserve text and do not guess.
pg-260,7,https://thefaithreceived.vercel.app/read?w=pg-260,Existing source anchors do not establish a unique opening; preserve text and do not guess.
pg-2639,7,https://thefaithreceived.vercel.app/read?w=pg-2639,Existing source anchors do not establish a unique opening; preserve text and do not guess.
pg-278,7,https://thefaithreceived.vercel.app/read?w=pg-278,Existing source anchors do not establish a unique opening; preserve text and do not guess.
pg-2881,7,https://thefaithreceived.vercel.app/read?w=pg-2881,Existing source anchors do not establish a unique opening; preserve text and do not guess.
pg-294,7,https://thefaithreceived.vercel.app/read?w=pg-294,Existing source anchors do not establish a unique opening; preserve text and do not guess.
pg-3207,7,https://thefaithreceived.vercel.app/read?w=pg-3207,Existing source anchors do not establish a unique opening; preserve text and do not guess.
pg-3223,7,https://thefaithreceived.vercel.app/read?w=pg-3223,Existing source anchors do not establish a unique opening; preserve text and do not guess.
pg-3252,7,https://thefaithreceived.vercel.app/read?w=pg-3252,Existing source anchors do not establish a unique opening; preserve text and do not guess.
pg-3325,7,https://thefaithreceived.vercel.app/read?w=pg-3325,Existing source anchors do not establish a unique opening; preserve text and do not guess.
pg-334,7,https://thefaithreceived.vercel.app/read?w=pg-334,Existing source anchors do not establish a unique opening; preserve text and do not guess.
pg-3350,7,https://thefaithreceived.vercel.app/read?w=pg-3350,Existing source anchors do not establish a unique opening; preserve text and do not guess.
pg-3491,7,https://thefaithreceived.vercel.app/read?w=pg-3491,Existing source anchors do not establish a unique opening; preserve text and do not guess.
pg-3626,7,https://thefaithreceived.vercel.app/read?w=pg-3626,Existing source anchors do not establish a unique opening; preserve text and do not guess.
pg-3643,7,https://thefaithreceived.vercel.app/read?w=pg-3643,Existing source anchors do not establish a unique opening; preserve text and do not guess.
pg-3677,7,https://thefaithreceived.vercel.app/read?w=pg-3677,Existing source anchors do not establish a unique opening; preserve text and do not guess.
pg-3742,7,https://thefaithreceived.vercel.app/read?w=pg-3742,Existing source anchors do not establish a unique opening; preserve text and do not guess.
pg-3869,7,https://thefaithreceived.vercel.app/read?w=pg-3869,Existing source anchors do not establish a unique opening; preserve text and do not guess.
pg-3940,7,https://thefaithreceived.vercel.app/read?w=pg-3940,Existing source anchors do not establish a unique opening; preserve text and do not guess.
pg-3941,7,https://thefaithreceived.vercel.app/read?w=pg-3941,Existing source anchors do not establish a unique opening; preserve text and do not guess.
pg-3943,7,https://thefaithreceived.vercel.app/read?w=pg-3943,Existing source anchors do not establish a unique opening; preserve text and do not guess.
pg-430,7,https://thefaithreceived.vercel.app/read?w=pg-430,Existing source anchors do not establish a unique opening; preserve text and do not guess.
pg-596,7,https://thefaithreceived.vercel.app/read?w=pg-596,Existing source anchors do not establish a unique opening; preserve text and do not guess.
pg-604,7,https://thefaithreceived.vercel.app/read?w=pg-604,Existing source anchors do not establish a unique opening; preserve text and do not guess.
pg-652,7,https://thefaithreceived.vercel.app/read?w=pg-652,Existing source anchors do not establish a unique opening; preserve text and do not guess.
pg-1325,6,https://thefaithreceived.vercel.app/read?w=pg-1325,Existing source anchors do not establish a unique opening; preserve text and do not guess.
pg-1335,6,https://thefaithreceived.vercel.app/read?w=pg-1335,Existing source anchors do not establish a unique opening; preserve text and do not guess.
pg-1449,6,https://thefaithreceived.vercel.app/read?w=pg-1449,Existing source anchors do not establish a unique opening; preserve text and do not guess.
pg-1466,6,https://thefaithreceived.vercel.app/read?w=pg-1466,Existing source anchors do not establish a unique opening; preserve text and do not guess.
pg-1498,6,https://thefaithreceived.vercel.app/read?w=pg-1498,Existing source anchors do not establish a unique opening; preserve text and do not guess.
pg-1769,6,https://thefaithreceived.vercel.app/read?w=pg-1769,Existing source anchors do not establish a unique opening; preserve text and do not guess.
pg-1799,6,https://thefaithreceived.vercel.app/read?w=pg-1799,Existing source anchors do not establish a unique opening; preserve text and do not guess.
pg-1998,6,https://thefaithreceived.vercel.app/read?w=pg-1998,Existing source anchors do not establish a unique opening; preserve text and do not guess.
pg-209,6,https://thefaithreceived.vercel.app/read?w=pg-209,Existing source anchors do not establish a unique opening; preserve text and do not guess.
pg-2179,6,https://thefaithreceived.vercel.app/read?w=pg-2179,Existing source anchors do not establish a unique opening; preserve text and do not guess.
pg-2274,6,https://thefaithreceived.vercel.app/read?w=pg-2274,Existing source anchors do not establish a unique opening; preserve text and do not guess.
pg-2421,6,https://thefaithreceived.vercel.app/read?w=pg-2421,Existing source anchors do not establish a unique opening; preserve text and do not guess.
pg-2498,6,https://thefaithreceived.vercel.app/read?w=pg-2498,Existing source anchors do not establish a unique opening; preserve text and do not guess.
pg-2729,6,https://thefaithreceived.vercel.app/read?w=pg-2729,Existing source anchors do not establish a unique opening; preserve text and do not guess.
pg-2730,6,https://thefaithreceived.vercel.app/read?w=pg-2730,Existing source anchors do not establish a unique opening; preserve text and do not guess.
pg-2743,6,https://thefaithreceived.vercel.app/read?w=pg-2743,Existing source anchors do not establish a unique opening; preserve text and do not guess.
pg-3108,6,https://thefaithreceived.vercel.app/read?w=pg-3108,Existing source anchors do not establish a unique opening; preserve text and do not guess.
pg-3140,6,https://thefaithreceived.vercel.app/read?w=pg-3140,Existing source anchors do not establish a unique opening; preserve text and do not guess.
pg-3163,6,https://thefaithreceived.vercel.app/read?w=pg-3163,Existing source anchors do not establish a unique opening; preserve text and do not guess.
pg-3204,6,https://thefaithreceived.vercel.app/read?w=pg-3204,Existing source anchors do not establish a unique opening; preserve text and do not guess.
pg-3208,6,https://thefaithreceived.vercel.app/read?w=pg-3208,Existing source anchors do not establish a unique opening; preserve text and do not guess.
pg-3210,6,https://thefaithreceived.vercel.app/read?w=pg-3210,Existing source anchors do not establish a unique opening; preserve text and do not guess.
pg-3245,6,https://thefaithreceived.vercel.app/read?w=pg-3245,Existing source anchors do not establish a unique opening; preserve text and do not guess.
pg-326,6,https://thefaithreceived.vercel.app/read?w=pg-326,Existing source anchors do not establish a unique opening; preserve text and do not guess.
pg-3344,6,https://thefaithreceived.vercel.app/read?w=pg-3344,Existing source anchors do not establish a unique opening; preserve text and do not guess.
pg-3348,6,https://thefaithreceived.vercel.app/read?w=pg-3348,Existing source anchors do not establish a unique opening; preserve text and do not guess.
pg-3417,6,https://thefaithreceived.vercel.app/read?w=pg-3417,Existing source anchors do not establish a unique opening; preserve text and do not guess.
pg-3429,6,https://thefaithreceived.vercel.app/read?w=pg-3429,Existing source anchors do not establish a unique opening; preserve text and do not guess.
pg-3477,6,https://thefaithreceived.vercel.app/read?w=pg-3477,Existing source anchors do not establish a unique opening; preserve text and do not guess.
pg-3478,6,https://thefaithreceived.vercel.app/read?w=pg-3478,Existing source anchors do not establish a unique opening; preserve text and do not guess.
pg-3488,6,https://thefaithreceived.vercel.app/read?w=pg-3488,Existing source anchors do not establish a unique opening; preserve text and do not guess.
pg-3499,6,https://thefaithreceived.vercel.app/read?w=pg-3499,Existing source anchors do not establish a unique opening; preserve text and do not guess.
pg-3508,6,https://thefaithreceived.vercel.app/read?w=pg-3508,Existing source anchors do not establish a unique opening; preserve text and do not guess.
pg-3543,6,https://thefaithreceived.vercel.app/read?w=pg-3543,Existing source anchors do not establish a unique opening; preserve text and do not guess.
pg-3597,6,https://thefaithreceived.vercel.app/read?w=pg-3597,Existing source anchors do not establish a unique opening; preserve text and do not guess.
pg-3620,6,https://thefaithreceived.vercel.app/read?w=pg-3620,Existing source anchors do not establish a unique opening; preserve text and do not guess.
pg-3633,6,https://thefaithreceived.vercel.app/read?w=pg-3633,Existing source anchors do not establish a unique opening; preserve text and do not guess.
pg-37,6,https://thefaithreceived.vercel.app/read?w=pg-37,Existing source anchors do not establish a unique opening; preserve text and do not guess.
pg-3711,6,https://thefaithreceived.vercel.app/read?w=pg-3711,Existing source anchors do not establish a unique opening; preserve text and do not guess.
pg-375,6,https://thefaithreceived.vercel.app/read?w=pg-375,Existing source anchors do not establish a unique opening; preserve text and do not guess.
pg-3754,6,https://thefaithreceived.vercel.app/read?w=pg-3754,Existing source anchors do not establish a unique opening; preserve text and do not guess.
pg-675,6,https://thefaithreceived.vercel.app/read?w=pg-675,Existing source anchors do not establish a unique opening; preserve text and do not guess.
pg-793,6,https://thefaithreceived.vercel.app/read?w=pg-793,Existing source anchors do not establish a unique opening; preserve text and do not guess.
pg-1167,5,https://thefaithreceived.vercel.app/read?w=pg-1167,Existing source anchors do not establish a unique opening; preserve text and do not guess.
pg-1324,5,https://thefaithreceived.vercel.app/read?w=pg-1324,Existing source anchors do not establish a unique opening; preserve text and do not guess.
pg-158,5,https://thefaithreceived.vercel.app/read?w=pg-158,Existing source anchors do not establish a unique opening; preserve text and do not guess.
pg-1722,5,https://thefaithreceived.vercel.app/read?w=pg-1722,Existing source anchors do not establish a unique opening; preserve text and do not guess.
pg-1728,5,https://thefaithreceived.vercel.app/read?w=pg-1728,Existing source anchors do not establish a unique opening; preserve text and do not guess.
pg-1858,5,https://thefaithreceived.vercel.app/read?w=pg-1858,Existing source anchors do not establish a unique opening; preserve text and do not guess.
pg-1902,5,https://thefaithreceived.vercel.app/read?w=pg-1902,Existing source anchors do not establish a unique opening; preserve text and do not guess.
pg-207,5,https://thefaithreceived.vercel.app/read?w=pg-207,Existing source anchors do not establish a unique opening; preserve text and do not guess.
pg-2265,5,https://thefaithreceived.vercel.app/read?w=pg-2265,Existing source anchors do not establish a unique opening; preserve text and do not guess.
pg-234,5,https://thefaithreceived.vercel.app/read?w=pg-234,Existing source anchors do not establish a unique opening; preserve text and do not guess.
pg-2363,5,https://thefaithreceived.vercel.app/read?w=pg-2363,Existing source anchors do not establish a unique opening; preserve text and do not guess.
pg-2376,5,https://thefaithreceived.vercel.app/read?w=pg-2376,Existing source anchors do not establish a unique opening; preserve text and do not guess.
pg-2477,5,https://thefaithreceived.vercel.app/read?w=pg-2477,Existing source anchors do not establish a unique opening; preserve text and do not guess.
pg-2479,5,https://thefaithreceived.vercel.app/read?w=pg-2479,Existing source anchors do not establish a unique opening; preserve text and do not guess.
pg-2495,5,https://thefaithreceived.vercel.app/read?w=pg-2495,Existing source anchors do not establish a unique opening; preserve text and do not guess.
pg-255,5,https://thefaithreceived.vercel.app/read?w=pg-255,Existing source anchors do not establish a unique opening; preserve text and do not guess.
pg-2570,5,https://thefaithreceived.vercel.app/read?w=pg-2570,Existing source anchors do not establish a unique opening; preserve text and do not guess.
pg-2951,5,https://thefaithreceived.vercel.app/read?w=pg-2951,Existing source anchors do not establish a unique opening; preserve text and do not guess.
pg-3193,5,https://thefaithreceived.vercel.app/read?w=pg-3193,Existing source anchors do not establish a unique opening; preserve text and do not guess.
pg-3312,5,https://thefaithreceived.vercel.app/read?w=pg-3312,Existing source anchors do not establish a unique opening; preserve text and do not guess.
pg-3431,5,https://thefaithreceived.vercel.app/read?w=pg-3431,Existing source anchors do not establish a unique opening; preserve text and do not guess.
pg-3449,5,https://thefaithreceived.vercel.app/read?w=pg-3449,Existing source anchors do not establish a unique opening; preserve text and do not guess.
pg-3463,5,https://thefaithreceived.vercel.app/read?w=pg-3463,Existing source anchors do not establish a unique opening; preserve text and do not guess.
pg-3509,5,https://thefaithreceived.vercel.app/read?w=pg-3509,Existing source anchors do not establish a unique opening; preserve text and do not guess.
pg-3606,5,https://thefaithreceived.vercel.app/read?w=pg-3606,Existing source anchors do not establish a unique opening; preserve text and do not guess.
pg-3795,5,https://thefaithreceived.vercel.app/read?w=pg-3795,Existing source anchors do not establish a unique opening; preserve text and do not guess.
pg-4032,5,https://thefaithreceived.vercel.app/read?w=pg-4032,Existing source anchors do not establish a unique opening; preserve text and do not guess.
pg-583,5,https://thefaithreceived.vercel.app/read?w=pg-583,Existing source anchors do not establish a unique opening; preserve text and do not guess.
pg-607,5,https://thefaithreceived.vercel.app/read?w=pg-607,Existing source anchors do not establish a unique opening; preserve text and do not guess.
pg-705,5,https://thefaithreceived.vercel.app/read?w=pg-705,Existing source anchors do not establish a unique opening; preserve text and do not guess.
pg-711,5,https://thefaithreceived.vercel.app/read?w=pg-711,Existing source anchors do not establish a unique opening; preserve text and do not guess.
pg-760,5,https://thefaithreceived.vercel.app/read?w=pg-760,Existing source anchors do not establish a unique opening; preserve text and do not guess.
pg-1330,4,https://thefaithreceived.vercel.app/read?w=pg-1330,Existing source anchors do not establish a unique opening; preserve text and do not guess.
pg-1708,4,https://thefaithreceived.vercel.app/read?w=pg-1708,Existing source anchors do not establish a unique opening; preserve text and do not guess.
pg-1813,4,https://thefaithreceived.vercel.app/read?w=pg-1813,Existing source anchors do not establish a unique opening; preserve text and do not guess.
pg-1847,4,https://thefaithreceived.vercel.app/read?w=pg-1847,Existing source anchors do not establish a unique opening; preserve text and do not guess.
pg-1859,4,https://thefaithreceived.vercel.app/read?w=pg-1859,Existing source anchors do not establish a unique opening; preserve text and do not guess.
pg-1985,4,https://thefaithreceived.vercel.app/read?w=pg-1985,Existing source anchors do not establish a unique opening; preserve text and do not guess.
pg-2136,4,https://thefaithreceived.vercel.app/read?w=pg-2136,Existing source anchors do not establish a unique opening; preserve text and do not guess.
pg-2172,4,https://thefaithreceived.vercel.app/read?w=pg-2172,Existing source anchors do not establish a unique opening; preserve text and do not guess.
pg-2266,4,https://thefaithreceived.vercel.app/read?w=pg-2266,Existing source anchors do not establish a unique opening; preserve text and do not guess.
pg-2373,4,https://thefaithreceived.vercel.app/read?w=pg-2373,Existing source anchors do not establish a unique opening; preserve text and do not guess.
pg-2379,4,https://thefaithreceived.vercel.app/read?w=pg-2379,Existing source anchors do not establish a unique opening; preserve text and do not guess.
pg-2383,4,https://thefaithreceived.vercel.app/read?w=pg-2383,Existing source anchors do not establish a unique opening; preserve text and do not guess.
pg-2384,4,https://thefaithreceived.vercel.app/read?w=pg-2384,Existing source anchors do not establish a unique opening; preserve text and do not guess.
pg-2385,4,https://thefaithreceived.vercel.app/read?w=pg-2385,Existing source anchors do not establish a unique opening; preserve text and do not guess.
pg-2835,4,https://thefaithreceived.vercel.app/read?w=pg-2835,Existing source anchors do not establish a unique opening; preserve text and do not guess.
pg-2836,4,https://thefaithreceived.vercel.app/read?w=pg-2836,Existing source anchors do not establish a unique opening; preserve text and do not guess.
pg-3039,4,https://thefaithreceived.vercel.app/read?w=pg-3039,Existing source anchors do not establish a unique opening; preserve text and do not guess.
pg-3087,4,https://thefaithreceived.vercel.app/read?w=pg-3087,Existing source anchors do not establish a unique opening; preserve text and do not guess.
pg-3113,4,https://thefaithreceived.vercel.app/read?w=pg-3113,Existing source anchors do not establish a unique opening; preserve text and do not guess.
pg-3123,4,https://thefaithreceived.vercel.app/read?w=pg-3123,Existing source anchors do not establish a unique opening; preserve text and do not guess.
pg-3157,4,https://thefaithreceived.vercel.app/read?w=pg-3157,Existing source anchors do not establish a unique opening; preserve text and do not guess.
pg-3298,4,https://thefaithreceived.vercel.app/read?w=pg-3298,Existing source anchors do not establish a unique opening; preserve text and do not guess.
pg-3416,4,https://thefaithreceived.vercel.app/read?w=pg-3416,Existing source anchors do not establish a unique opening; preserve text and do not guess.
pg-3511,4,https://thefaithreceived.vercel.app/read?w=pg-3511,Existing source anchors do not establish a unique opening; preserve text and do not guess.
pg-3525,4,https://thefaithreceived.vercel.app/read?w=pg-3525,Existing source anchors do not establish a unique opening; preserve text and do not guess.
pg-3585,4,https://thefaithreceived.vercel.app/read?w=pg-3585,Existing source anchors do not establish a unique opening; preserve text and do not guess.
pg-3634,4,https://thefaithreceived.vercel.app/read?w=pg-3634,Existing source anchors do not establish a unique opening; preserve text and do not guess.
pg-3639,4,https://thefaithreceived.vercel.app/read?w=pg-3639,Existing source anchors do not establish a unique opening; preserve text and do not guess.
pg-3699,4,https://thefaithreceived.vercel.app/read?w=pg-3699,Existing source anchors do not establish a unique opening; preserve text and do not guess.
pg-3743,4,https://thefaithreceived.vercel.app/read?w=pg-3743,Existing source anchors do not establish a unique opening; preserve text and do not guess.
pg-3765,4,https://thefaithreceived.vercel.app/read?w=pg-3765,Existing source anchors do not establish a unique opening; preserve text and do not guess.
pg-377,4,https://thefaithreceived.vercel.app/read?w=pg-377,Existing source anchors do not establish a unique opening; preserve text and do not guess.
pg-3784,4,https://thefaithreceived.vercel.app/read?w=pg-3784,Existing source anchors do not establish a unique opening; preserve text and do not guess.
pg-3787,4,https://thefaithreceived.vercel.app/read?w=pg-3787,Existing source anchors do not establish a unique opening; preserve text and do not guess.
pg-3800,4,https://thefaithreceived.vercel.app/read?w=pg-3800,Existing source anchors do not establish a unique opening; preserve text and do not guess.
pg-3804,4,https://thefaithreceived.vercel.app/read?w=pg-3804,Existing source anchors do not establish a unique opening; preserve text and do not guess.
pg-3832,4,https://thefaithreceived.vercel.app/read?w=pg-3832,Existing source anchors do not establish a unique opening; preserve text and do not guess.
pg-3840,4,https://thefaithreceived.vercel.app/read?w=pg-3840,Existing source anchors do not establish a unique opening; preserve text and do not guess.
pg-3934,4,https://thefaithreceived.vercel.app/read?w=pg-3934,Existing source anchors do not establish a unique opening; preserve text and do not guess.
pg-3965,4,https://thefaithreceived.vercel.app/read?w=pg-3965,Existing source anchors do not establish a unique opening; preserve text and do not guess.
pg-4015,4,https://thefaithreceived.vercel.app/read?w=pg-4015,Existing source anchors do not establish a unique opening; preserve text and do not guess.
pg-4041,4,https://thefaithreceived.vercel.app/read?w=pg-4041,Existing source anchors do not establish a unique opening; preserve text and do not guess.
pg-6,4,https://thefaithreceived.vercel.app/read?w=pg-6,Existing source anchors do not establish a unique opening; preserve text and do not guess.
pg-747,4,https://thefaithreceived.vercel.app/read?w=pg-747,Existing source anchors do not establish a unique opening; preserve text and do not guess.
pg-971,4,https://thefaithreceived.vercel.app/read?w=pg-971,Existing source anchors do not establish a unique opening; preserve text and do not guess.
pg-1161,3,https://thefaithreceived.vercel.app/read?w=pg-1161,Existing source anchors do not establish a unique opening; preserve text and do not guess.
pg-1171,3,https://thefaithreceived.vercel.app/read?w=pg-1171,Existing source anchors do not establish a unique opening; preserve text and do not guess.
pg-1429,3,https://thefaithreceived.vercel.app/read?w=pg-1429,Existing source anchors do not establish a unique opening; preserve text and do not guess.
pg-1486,3,https://thefaithreceived.vercel.app/read?w=pg-1486,Existing source anchors do not establish a unique opening; preserve text and do not guess.
pg-1658,3,https://thefaithreceived.vercel.app/read?w=pg-1658,Existing source anchors do not establish a unique opening; preserve text and do not guess.
pg-1690,3,https://thefaithreceived.vercel.app/read?w=pg-1690,Existing source anchors do not establish a unique opening; preserve text and do not guess.
pg-1850,3,https://thefaithreceived.vercel.app/read?w=pg-1850,Existing source anchors do not establish a unique opening; preserve text and do not guess.
pg-1898,3,https://thefaithreceived.vercel.app/read?w=pg-1898,Existing source anchors do not establish a unique opening; preserve text and do not guess.
pg-1991,3,https://thefaithreceived.vercel.app/read?w=pg-1991,Existing source anchors do not establish a unique opening; preserve text and do not guess.
pg-2203,3,https://thefaithreceived.vercel.app/read?w=pg-2203,Existing source anchors do not establish a unique opening; preserve text and do not guess.
pg-2320,3,https://thefaithreceived.vercel.app/read?w=pg-2320,Existing source anchors do not establish a unique opening; preserve text and do not guess.
pg-241,3,https://thefaithreceived.vercel.app/read?w=pg-241,Existing source anchors do not establish a unique opening; preserve text and do not guess.
pg-2473,3,https://thefaithreceived.vercel.app/read?w=pg-2473,Existing source anchors do not establish a unique opening; preserve text and do not guess.
pg-2480,3,https://thefaithreceived.vercel.app/read?w=pg-2480,Existing source anchors do not establish a unique opening; preserve text and do not guess.
pg-2544,3,https://thefaithreceived.vercel.app/read?w=pg-2544,Existing source anchors do not establish a unique opening; preserve text and do not guess.
pg-3000,3,https://thefaithreceived.vercel.app/read?w=pg-3000,Existing source anchors do not establish a unique opening; preserve text and do not guess.
pg-3102,3,https://thefaithreceived.vercel.app/read?w=pg-3102,Existing source anchors do not establish a unique opening; preserve text and do not guess.
pg-312,3,https://thefaithreceived.vercel.app/read?w=pg-312,Existing source anchors do not establish a unique opening; preserve text and do not guess.
pg-3154,3,https://thefaithreceived.vercel.app/read?w=pg-3154,Existing source anchors do not establish a unique opening; preserve text and do not guess.
pg-3182,3,https://thefaithreceived.vercel.app/read?w=pg-3182,Existing source anchors do not establish a unique opening; preserve text and do not guess.
pg-3188,3,https://thefaithreceived.vercel.app/read?w=pg-3188,Existing source anchors do not establish a unique opening; preserve text and do not guess.
pg-3201,3,https://thefaithreceived.vercel.app/read?w=pg-3201,Existing source anchors do not establish a unique opening; preserve text and do not guess.
pg-3206,3,https://thefaithreceived.vercel.app/read?w=pg-3206,Existing source anchors do not establish a unique opening; preserve text and do not guess.
pg-3218,3,https://thefaithreceived.vercel.app/read?w=pg-3218,Existing source anchors do not establish a unique opening; preserve text and do not guess.
pg-3243,3,https://thefaithreceived.vercel.app/read?w=pg-3243,Existing source anchors do not establish a unique opening; preserve text and do not guess.
pg-3328,3,https://thefaithreceived.vercel.app/read?w=pg-3328,Existing source anchors do not establish a unique opening; preserve text and do not guess.
pg-3349,3,https://thefaithreceived.vercel.app/read?w=pg-3349,Existing source anchors do not establish a unique opening; preserve text and do not guess.
pg-3405,3,https://thefaithreceived.vercel.app/read?w=pg-3405,Existing source anchors do not establish a unique opening; preserve text and do not guess.
pg-3523,3,https://thefaithreceived.vercel.app/read?w=pg-3523,Existing source anchors do not establish a unique opening; preserve text and do not guess.
pg-3552,3,https://thefaithreceived.vercel.app/read?w=pg-3552,Existing source anchors do not establish a unique opening; preserve text and do not guess.
pg-3691,3,https://thefaithreceived.vercel.app/read?w=pg-3691,Existing source anchors do not establish a unique opening; preserve text and do not guess.
pg-3790,3,https://thefaithreceived.vercel.app/read?w=pg-3790,Existing source anchors do not establish a unique opening; preserve text and do not guess.
pg-3802,3,https://thefaithreceived.vercel.app/read?w=pg-3802,Existing source anchors do not establish a unique opening; preserve text and do not guess.
pg-3827,3,https://thefaithreceived.vercel.app/read?w=pg-3827,Existing source anchors do not establish a unique opening; preserve text and do not guess.
pg-3830,3,https://thefaithreceived.vercel.app/read?w=pg-3830,Existing source anchors do not establish a unique opening; preserve text and do not guess.
pg-3883,3,https://thefaithreceived.vercel.app/read?w=pg-3883,Existing source anchors do not establish a unique opening; preserve text and do not guess.
pg-3884,3,https://thefaithreceived.vercel.app/read?w=pg-3884,Existing source anchors do not establish a unique opening; preserve text and do not guess.
pg-3913,3,https://thefaithreceived.vercel.app/read?w=pg-3913,Existing source anchors do not establish a unique opening; preserve text and do not guess.
pg-3987,3,https://thefaithreceived.vercel.app/read?w=pg-3987,Existing source anchors do not establish a unique opening; preserve text and do not guess.
pg-4017,3,https://thefaithreceived.vercel.app/read?w=pg-4017,Existing source anchors do not establish a unique opening; preserve text and do not guess.
pg-553,3,https://thefaithreceived.vercel.app/read?w=pg-553,Existing source anchors do not establish a unique opening; preserve text and do not guess.
pg-605,3,https://thefaithreceived.vercel.app/read?w=pg-605,Existing source anchors do not establish a unique opening; preserve text and do not guess.
pg-657,3,https://thefaithreceived.vercel.app/read?w=pg-657,Existing source anchors do not establish a unique opening; preserve text and do not guess.
pg-714,3,https://thefaithreceived.vercel.app/read?w=pg-714,Existing source anchors do not establish a unique opening; preserve text and do not guess.
pg-726,3,https://thefaithreceived.vercel.app/read?w=pg-726,Existing source anchors do not establish a unique opening; preserve text and do not guess.
pg-113,2,https://thefaithreceived.vercel.app/read?w=pg-113,Existing source anchors do not establish a unique opening; preserve text and do not guess.
pg-1664,2,https://thefaithreceived.vercel.app/read?w=pg-1664,Existing source anchors do not establish a unique opening; preserve text and do not guess.
pg-174,2,https://thefaithreceived.vercel.app/read?w=pg-174,Existing source anchors do not establish a unique opening; preserve text and do not guess.
pg-1752,2,https://thefaithreceived.vercel.app/read?w=pg-1752,Existing source anchors do not establish a unique opening; preserve text and do not guess.
pg-1765,2,https://thefaithreceived.vercel.app/read?w=pg-1765,Existing source anchors do not establish a unique opening; preserve text and do not guess.
pg-1815,2,https://thefaithreceived.vercel.app/read?w=pg-1815,Existing source anchors do not establish a unique opening; preserve text and do not guess.
pg-1848,2,https://thefaithreceived.vercel.app/read?w=pg-1848,Existing source anchors do not establish a unique opening; preserve text and do not guess.
pg-1901,2,https://thefaithreceived.vercel.app/read?w=pg-1901,Existing source anchors do not establish a unique opening; preserve text and do not guess.
pg-2003,2,https://thefaithreceived.vercel.app/read?w=pg-2003,Existing source anchors do not establish a unique opening; preserve text and do not guess.
pg-2742,2,https://thefaithreceived.vercel.app/read?w=pg-2742,Existing source anchors do not establish a unique opening; preserve text and do not guess.
pg-2827,2,https://thefaithreceived.vercel.app/read?w=pg-2827,Existing source anchors do not establish a unique opening; preserve text and do not guess.
pg-3028,2,https://thefaithreceived.vercel.app/read?w=pg-3028,Existing source anchors do not establish a unique opening; preserve text and do not guess.
pg-3103,2,https://thefaithreceived.vercel.app/read?w=pg-3103,Existing source anchors do not establish a unique opening; preserve text and do not guess.
pg-3143,2,https://thefaithreceived.vercel.app/read?w=pg-3143,Existing source anchors do not establish a unique opening; preserve text and do not guess.
pg-3170,2,https://thefaithreceived.vercel.app/read?w=pg-3170,Existing source anchors do not establish a unique opening; preserve text and do not guess.
pg-3247,2,https://thefaithreceived.vercel.app/read?w=pg-3247,Existing source anchors do not establish a unique opening; preserve text and do not guess.
pg-3277,2,https://thefaithreceived.vercel.app/read?w=pg-3277,Existing source anchors do not establish a unique opening; preserve text and do not guess.
pg-3353,2,https://thefaithreceived.vercel.app/read?w=pg-3353,Existing source anchors do not establish a unique opening; preserve text and do not guess.
pg-3418,2,https://thefaithreceived.vercel.app/read?w=pg-3418,Existing source anchors do not establish a unique opening; preserve text and do not guess.
pg-3430,2,https://thefaithreceived.vercel.app/read?w=pg-3430,Existing source anchors do not establish a unique opening; preserve text and do not guess.
pg-3530,2,https://thefaithreceived.vercel.app/read?w=pg-3530,Existing source anchors do not establish a unique opening; preserve text and do not guess.
pg-3641,2,https://thefaithreceived.vercel.app/read?w=pg-3641,Existing source anchors do not establish a unique opening; preserve text and do not guess.
pg-3654,2,https://thefaithreceived.vercel.app/read?w=pg-3654,Existing source anchors do not establish a unique opening; preserve text and do not guess.
pg-3670,2,https://thefaithreceived.vercel.app/read?w=pg-3670,Existing source anchors do not establish a unique opening; preserve text and do not guess.
pg-3793,2,https://thefaithreceived.vercel.app/read?w=pg-3793,Existing source anchors do not establish a unique opening; preserve text and do not guess.
pg-3794,2,https://thefaithreceived.vercel.app/read?w=pg-3794,Existing source anchors do not establish a unique opening; preserve text and do not guess.
pg-3799,2,https://thefaithreceived.vercel.app/read?w=pg-3799,Existing source anchors do not establish a unique opening; preserve text and do not guess.
pg-384,2,https://thefaithreceived.vercel.app/read?w=pg-384,Existing source anchors do not establish a unique opening; preserve text and do not guess.
pg-3895,2,https://thefaithreceived.vercel.app/read?w=pg-3895,Existing source anchors do not establish a unique opening; preserve text and do not guess.
pg-3904,2,https://thefaithreceived.vercel.app/read?w=pg-3904,Existing source anchors do not establish a unique opening; preserve text and do not guess.
pg-499,2,https://thefaithreceived.vercel.app/read?w=pg-499,Existing source anchors do not establish a unique opening; preserve text and do not guess.
pg-537,2,https://thefaithreceived.vercel.app/read?w=pg-537,Existing source anchors do not establish a unique opening; preserve text and do not guess.
pg-686,2,https://thefaithreceived.vercel.app/read?w=pg-686,Existing source anchors do not establish a unique opening; preserve text and do not guess.
pg-770,2,https://thefaithreceived.vercel.app/read?w=pg-770,Existing source anchors do not establish a unique opening; preserve text and do not guess.
pg-771,2,https://thefaithreceived.vercel.app/read?w=pg-771,Existing source anchors do not establish a unique opening; preserve text and do not guess.
pg-1457,1,https://thefaithreceived.vercel.app/read?w=pg-1457,Existing source anchors do not establish a unique opening; preserve text and do not guess.
pg-2081,1,https://thefaithreceived.vercel.app/read?w=pg-2081,Existing source anchors do not establish a unique opening; preserve text and do not guess.
pg-2241,1,https://thefaithreceived.vercel.app/read?w=pg-2241,Existing source anchors do not establish a unique opening; preserve text and do not guess.
pg-2499,1,https://thefaithreceived.vercel.app/read?w=pg-2499,Existing source anchors do not establish a unique opening; preserve text and do not guess.
pg-2575,1,https://thefaithreceived.vercel.app/read?w=pg-2575,Existing source anchors do not establish a unique opening; preserve text and do not guess.
pg-2828,1,https://thefaithreceived.vercel.app/read?w=pg-2828,Existing source anchors do not establish a unique opening; preserve text and do not guess.
pg-2837,1,https://thefaithreceived.vercel.app/read?w=pg-2837,Existing source anchors do not establish a unique opening; preserve text and do not guess.
pg-2851,1,https://thefaithreceived.vercel.app/read?w=pg-2851,Existing source anchors do not establish a unique opening; preserve text and do not guess.
pg-2980,1,https://thefaithreceived.vercel.app/read?w=pg-2980,Existing source anchors do not establish a unique opening; preserve text and do not guess.
pg-3145,1,https://thefaithreceived.vercel.app/read?w=pg-3145,Existing source anchors do not establish a unique opening; preserve text and do not guess.
pg-3158,1,https://thefaithreceived.vercel.app/read?w=pg-3158,Existing source anchors do not establish a unique opening; preserve text and do not guess.
pg-316,1,https://thefaithreceived.vercel.app/read?w=pg-316,Existing source anchors do not establish a unique opening; preserve text and do not guess.
pg-3184,1,https://thefaithreceived.vercel.app/read?w=pg-3184,Existing source anchors do not establish a unique opening; preserve text and do not guess.
pg-3411,1,https://thefaithreceived.vercel.app/read?w=pg-3411,Existing source anchors do not establish a unique opening; preserve text and do not guess.
pg-3412,1,https://thefaithreceived.vercel.app/read?w=pg-3412,Existing source anchors do not establish a unique opening; preserve text and do not guess.
pg-3484,1,https://thefaithreceived.vercel.app/read?w=pg-3484,Existing source anchors do not establish a unique opening; preserve text and do not guess.
pg-3485,1,https://thefaithreceived.vercel.app/read?w=pg-3485,Existing source anchors do not establish a unique opening; preserve text and do not guess.
pg-3504,1,https://thefaithreceived.vercel.app/read?w=pg-3504,Existing source anchors do not establish a unique opening; preserve text and do not guess.
pg-3557,1,https://thefaithreceived.vercel.app/read?w=pg-3557,Existing source anchors do not establish a unique opening; preserve text and do not guess.
pg-3604,1,https://thefaithreceived.vercel.app/read?w=pg-3604,Existing source anchors do not establish a unique opening; preserve text and do not guess.
pg-3783,1,https://thefaithreceived.vercel.app/read?w=pg-3783,Existing source anchors do not establish a unique opening; preserve text and do not guess.
pg-3788,1,https://thefaithreceived.vercel.app/read?w=pg-3788,Existing source anchors do not establish a unique opening; preserve text and do not guess.
pg-3921,1,https://thefaithreceived.vercel.app/read?w=pg-3921,Existing source anchors do not establish a unique opening; preserve text and do not guess.
pg-3988,1,https://thefaithreceived.vercel.app/read?w=pg-3988,Existing source anchors do not establish a unique opening; preserve text and do not guess.
pg-763,1,https://thefaithreceived.vercel.app/read?w=pg-763,Existing source anchors do not establish a unique opening; preserve text and do not guess.
pg-769,1,https://thefaithreceived.vercel.app/read?w=pg-769,Existing source anchors do not establish a unique opening; preserve text and do not guess.
